{"parameters/mlp_extractor.policy_net.0.weight":{"bins":[-0.6483084559440613,-0.6280413269996643,-0.6077742576599121,-0.5875071287155151,-0.5672399997711182,-0.5469728708267212,-0.5267057418823242,-0.506438672542572,-0.48617154359817505,-0.4659044146537781,-0.4456373155117035,-0.4253702163696289,-0.40510308742523193,-0.38483595848083496,-0.3645688593387604,-0.3443017601966858,-0.3240346312522888,-0.30376750230789185,-0.28350040316581726,-0.2632333040237427,-0.2429661750793457,-0.22269906103610992,-0.20243194699287415,-0.18216483294963837,-0.1618977189064026,-0.1416306048631668,-0.12136349081993103,-0.10109637677669525,-0.08082926273345947,-0.060562148690223694,-0.040295034646987915,-0.020027920603752136,0.0002391338348388672,0.020506247878074646,0.040773361921310425,0.061040475964546204,0.08130759000778198,0.10157470405101776,0.12184181809425354,0.14210893213748932,0.1623760461807251,0.18264316022396088,0.20291027426719666,0.22317738831043243,0.2434445023536682,0.2637116312980652,0.28397873044013977,0.30424582958221436,0.32451295852661133,0.3447800874710083,0.3650471866130829,0.38531428575515747,0.40558141469955444,0.4258485436439514,0.446115642786026,0.4663827419281006,0.48664987087249756,0.5069169998168945,0.5271841287612915,0.5474511981010437,0.5677183270454407,0.5879854559898376,0.6082525253295898,0.6285196542739868,0.6487867832183838],"_type":"histogram","values":[1,0,1,0,0,0,0,0,0,0,2,2,3,3,11,4,4,10,7,10,16,12,25,11,16,18,18,16,25,25,29,27,27,20,26,19,22,15,15,17,14,12,12,17,9,14,4,12,5,3,4,6,3,2,0,0,0,0,0,0,0,0,1,1]},"parameters/action_net.bias":{"_type":"histogram","values":[1,0,0,0,0,0,0,0,0,0,1,0,0,0,0,0,0,0,0,0,0,0,0,0,0,0,0,0,0,0,0,0,0,0,0,0,0,0,0,0,0,0,0,0,0,0,0,0,0,0,0,0,0,0,0,0,0,0,0,0,0,0,0,1],"bins":[0.002740149386227131,0.00286679994314909,0.0029934507329016924,0.0031201012898236513,0.0032467518467456102,0.003373402636498213,0.0035000531934201717,0.0036267037503421307,0.0037533543072640896,0.003880005097016692,0.004006655886769295,0.004133306443691254,0.004259957000613213,0.0043866075575351715,0.00451325811445713,0.004639908671379089,0.004766559228301048,0.0048932102508842945,0.005019860807806253,0.005146511364728212,0.005273161921650171,0.00539981247857213,0.005526463035494089,0.005653114058077335,0.005779764614999294,0.005906415171921253,0.006033065728843212,0.006159716285765171,0.00628636684268713,0.006413017865270376,0.006539668422192335,0.006666318979114294,0.006792969536036253,0.006919620092958212,0.007046270649880171,0.00717292120680213,0.007299572229385376,0.007426222786307335,0.007552873343229294,0.007679523900151253,0.007806174457073212,0.00793282501399517,0.00805947557091713,0.008186126127839088,0.008312776684761047,0.008439428173005581,0.00856607872992754,0.008692729286849499,0.008819379843771458,0.008946030400693417,0.009072680957615376,0.009199331514537334,0.009325982071459293,0.009452632628381252,0.009579283185303211,0.00970593374222517,0.009832584299147129,0.009959234856069088,0.010085886344313622,0.01021253690123558,0.01033918745815754,0.010465838015079498,0.010592488572001457,0.010719139128923416,0.010845789685845375]},"parameters/mlp_extractor.policy_net.0.bias":{"bins":[-0.09890682995319366,-0.09656217694282532,-0.09421753138303757,-0.09187287837266922,-0.08952823281288147,-0.08718357980251312,-0.08483893424272537,-0.08249428123235703,-0.08014963567256927,-0.07780498266220093,-0.07546033710241318,-0.07311568409204483,-0.07077103853225708,-0.06842638552188873,-0.06608173996210098,-0.06373708695173264,-0.06139243766665459,-0.05904778838157654,-0.05670313909649849,-0.05435848981142044,-0.05201384052634239,-0.04966919124126434,-0.047324541956186295,-0.044979892671108246,-0.0426352396607399,-0.04029059037566185,-0.0379459410905838,-0.03560129180550575,-0.033256642520427704,-0.030911993235349655,-0.028567343950271606,-0.026222694665193558,-0.02387804538011551,-0.02153339609503746,-0.01918874680995941,-0.016844097524881363,-0.01449944730848074,-0.012154798023402691,-0.009810147807002068,-0.007465498521924019,-0.00512084923684597,-0.002776199718937278,-0.00043155020102858543,0.001913099316880107,0.004257748834788799,0.006602398119866848,0.008947048336267471,0.01129169762134552,0.013636346906423569,0.015980996191501617,0.018325645476579666,0.020670294761657715,0.023014944046735764,0.02535959519445896,0.02770424447953701,0.03004889376461506,0.03239354491233826,0.034738194197416306,0.037082843482494354,0.0394274927675724,0.04177214205265045,0.0441167913377285,0.04646144062280655,0.0488060899078846,0.051150739192962646],"_type":"histogram","values":[1,0,0,0,0,0,0,0,0,0,0,0,0,0,0,0,0,1,0,0,0,0,0,1,2,0,0,0,0,1,1,1,1,0,0,5,3,0,3,4,5,5,2,5,4,3,2,3,1,1,1,1,1,0,2,0,1,0,0,1,1,0,0,1]},"parameters/log_std":{"bins":[-0.0829571932554245,-0.08188758790493011,-0.08081798255443573,-0.07974838465452194,-0.07867877930402756,-0.07760917395353317,-0.07653956860303879,-0.0754699632525444,-0.07440036535263062,-0.07333076000213623,-0.07226115465164185,-0.07119154930114746,-0.07012194395065308,-0.06905234605073929,-0.0679827407002449,-0.06691313534975052,-0.06584352999925613,-0.06477392464876175,-0.06370432674884796,-0.06263472139835358,-0.06156511604785919,-0.060495514422655106,-0.05942590907216072,-0.058356303721666336,-0.05728670209646225,-0.056217096745967865,-0.05514749512076378,-0.054077889770269394,-0.05300828441977501,-0.05193868279457092,-0.05086907744407654,-0.04979947581887245,-0.04872986674308777,-0.04766026511788368,-0.0465906597673893,-0.04552105441689491,-0.044451452791690826,-0.04338184744119644,-0.042312245815992355,-0.04124264046549797,-0.040173038840293884,-0.0391034334897995,-0.038033828139305115,-0.03696422651410103,-0.035894621163606644,-0.03482501953840256,-0.03375541418790817,-0.03268580883741379,-0.0316162072122097,-0.030546601861715317,-0.02947699837386608,-0.028407394886016846,-0.02733779139816761,-0.026268187910318375,-0.02519858255982399,-0.024128979071974754,-0.02305937558412552,-0.021989772096276283,-0.020920168608427048,-0.019850563257932663,-0.018780959770083427,-0.017711356282234192,-0.016641752794384956,-0.015572148375213146,-0.01450254488736391],"_type":"histogram","values":[1,0,0,0,0,0,0,0,0,0,0,1,0,0,0,0,0,0,0,0,0,0,0,0,0,0,0,0,0,0,0,0,0,0,0,0,0,0,0,0,0,0,0,0,0,0,0,0,0,0,0,0,0,0,0,0,0,0,0,0,0,0,0,1]},"parameters/mlp_extractor.policy_net.2.weight":{"values":[1,0,0,0,0,0,0,0,0,1,0,1,0,1,6,5,5,14,15,18,25,26,46,59,66,109,116,121,121,139,177,166,220,205,200,231,199,223,194,182,180,168,161,132,114,95,70,82,49,32,29,32,23,10,9,5,5,3,1,0,2,0,1,1],"bins":[-0.8680504560470581,-0.8438239693641663,-0.8195974230766296,-0.7953709363937378,-0.7711443901062012,-0.7469179034233093,-0.7226913571357727,-0.6984648704528809,-0.6742383241653442,-0.6500118374824524,-0.6257853507995605,-0.6015588045120239,-0.5773323178291321,-0.5531057715415955,-0.5288792848587036,-0.504652738571167,-0.48042625188827515,-0.4561997354030609,-0.4319732189178467,-0.40774670243263245,-0.3835201859474182,-0.35929369926452637,-0.33506718277931213,-0.3108406662940979,-0.28661414980888367,-0.26238763332366943,-0.2381611168384552,-0.21393461525440216,-0.18970809876918793,-0.1654815822839737,-0.14125508069992065,-0.11702856421470642,-0.09280204772949219,-0.06857553124427795,-0.04434902220964432,-0.020122509449720383,0.004104003310203552,0.028330516070127487,0.05255702883005142,0.07678353786468506,0.10101005434989929,0.12523657083511353,0.14946308732032776,0.1736895889043808,0.19791610538959503,0.22214262187480927,0.2463691234588623,0.27059563994407654,0.29482215642929077,0.319048672914505,0.34327518939971924,0.36750170588493347,0.3917282223701477,0.41595470905303955,0.4401812255382538,0.464407742023468,0.48863425850868225,0.5128607749938965,0.5370872616767883,0.561313807964325,0.5855402946472168,0.6097668409347534,0.6339933276176453,0.6582198739051819,0.6824463605880737],"_type":"histogram"},"parameters/mlp_extractor.value_net.2.weight":{"_type":"histogram",