{"parameters/value_net.bias":{"bins":[0.031040683388710022,0.031040683388710022],"_type":"histogram","values":[1]},"_wandb":{"runtime":29},"parameters/mlp_extractor.value_net.2.weight":{"bins":[-0.12497930228710175,-0.12107415497303009,-0.11716900765895844,-0.11326386034488678,-0.10935870558023453,-0.10545355826616287,-0.10154841095209122,-0.09764326363801956,-0.0937381163239479,-0.08983296900987625,-0.085927814245224,-0.08202266693115234,-0.07811751961708069,-0.07421237230300903,-0.07030722498893738,-0.06640207767486572,-0.06249692663550377,-0.058591779321432114,-0.05468662828207016,-0.050781480967998505,-0.04687633365392685,-0.042971182614564896,-0.03906603530049324,-0.035160887986421585,-0.03125573694705963,-0.027350589632987976,-0.02344544231891632,-0.019540293142199516,-0.015635143965482712,-0.011729996651411057,-0.007824847474694252,-0.003919699229300022,-1.4550983905792236e-05,0.0038905974943190813,0.007795745972543955,0.011700894683599472,0.015606042928993702,0.019511191174387932,0.023416340351104736,0.02732148766517639,0.031226636841893196,0.03513178601861,0.039036933332681656,0.04294208064675331,0.046847231686115265,0.05075237900018692,0.054657526314258575,0.05856267735362053,0.062467824667692184,0.06637297570705414,0.0702781230211258,0.07418327033519745,0.0780884176492691,0.08199356496334076,0.08589871227741241,0.08980386704206467,0.09370901435613632,0.09761416167020798,0.10151930898427963,0.10542445629835129,0.10932960361242294,0.1132347583770752,0.11713990569114685,0.1210450530052185,0.12495020031929016],"_type":"histogram","values":[70,64,62,70,58,70,59,69,64,68,57,48,56,73,76,46,61,63,60,57,54,75,58,55,73,70,63,63,74,70,67,73,70,70,77,68,55,60,68,56,70,64,52,68,59,66,68,53,68,65,58,63,60,77,67,71,56,73,73,59,70,56,57,53]},"parameters/action_net.weight":{"_type":"histogram","values":[3,2,3,1,4,4,3,5,5,1,3,3,4,3,4,3,1,2,0,8,3,4,2,1,5,4,3,1,0,5,5,1,4,7,6,3,2,3,1,5,1,4,1,1,4,1,5,7,3,5,1,5,0,2,1,3,2,2,3,4,3,1,3,3],"bins":[-0.12369062006473541,-0.11986233294010162,-0.11603403836488724,-0.11220575124025345,-0.10837746411561966,-0.10454917699098587,-0.10072088241577148,-0.0968925952911377,-0.0930643081665039,-0.08923601359128952,-0.08540772646665573,-0.08157943934202194,-0.07775115221738815,-0.07392285764217377,-0.07009457051753998,-0.06626628339290619,-0.0624379925429821,-0.058609701693058014,-0.054781414568424225,-0.05095312371850014,-0.04712483659386635,-0.04329654574394226,-0.03946825861930847,-0.035639967769384384,-0.0318116769194603,-0.027983389794826508,-0.02415510080754757,-0.02032681182026863,-0.016498520970344543,-0.01267023291438818,-0.008841942995786667,-0.005013654008507729,-0.0011853650212287903,0.0026429241988807917,0.006471213418990374,0.0102995028719306,0.014127791859209538,0.01795608177781105,0.02178437076508999,0.025612659752368927,0.029440948739647865,0.033269237726926804,0.03709752857685089,0.04092581570148468,0.04475410655140877,0.04858239367604256,0.052410684525966644,0.05623897165060043,0.06006726250052452,0.06389555335044861,0.0677238404750824,0.07155212759971619,0.07538042217493057,0.07920870929956436,0.08303699642419815,0.08686528354883194,0.09069357812404633,0.09452186524868011,0.0983501523733139,0.10217844694852829,0.10600673407316208,0.10983502119779587,0.11366330832242966,0.11749160289764404,0.12131989002227783]},"env/reward_step":-4.171046257019043,"_runtime":29,"env/min_obstacle_dist":0.08755040168762207,"parameters/mlp_extractor.value_net.2.bias":{"values":[1,2,2,2,1,2,1,3,1,1,1,3,1,0,0,0,1,1,4,1,0,1,0,1,0,0,1,1,1,1,0,2,2,2,0,0,1,0,4,0,0,3,0,0,2,0,1,1,1,1,1,1,0,1,0,1,0,1,1,1,0,0,0,3],"bins":[-0.12315337359905243,-0.11928201466798782,-0.11541065573692322,-0.11153930425643921,-0.1076679453253746,-0.10379658639431,-0.09992522746324539,-0.09605387598276138,-0.09218251705169678,-0.08831115812063217,-0.08443979918956757,-0.08056844025850296,-0.07669708877801895,-0.07282572984695435,-0.06895437091588974,-0.06508301198482513,-0.06121165677905083,-0.05734029784798622,-0.053468942642211914,-0.04959758371114731,-0.045726228505373,-0.041854869574308395,-0.03798351436853409,-0.03411215543746948,-0.030240798369050026,-0.02636944130063057,-0.022498084232211113,-0.018626727163791656,-0.014755369164049625,-0.010884012095630169,-0.007012654561549425,-0.003141297260299325,0.0007300600409507751,0.004601417109370232,0.008472774177789688,0.01234413217753172,0.0162154883146286,0.020086847245693207,0.023958204314112663,0.02782956138253212,0.03170091658830643,0.03557227551937103,0.03944363445043564,0.043314989656209946,0.04718634858727455,0.05105770379304886,0.054929062724113464,0.05880041792988777,0.06267178058624268,0.06654313206672668,0.07041449099779129,0.0742858499288559,0.0781572088599205,0.08202856034040451,0.08589991927146912,0.08977127820253372,0.09364263713359833,0.09751399606466293,0.10138534754514694,0.10525670647621155,0.10912806540727615,0.11299942433834076,0.11687077581882477,0.12074213474988937,0.12461349368095398],"_type":"histogram"},"_timestamp":1.7644756470299652e+09,"_step":4610,"parameters/mlp_extractor.value_net.0.bias":{"_type":"histogram","values":[2,0,1,2,1,1,1,1,1,0,0,2,0,0,0,2,1,1,3,0,1,0,4,0,1,0,0,3,2,1,1,0,0,1,0,2,1,1,0,0,1,1,0,1,1,1,3,0,1,1,1,1,1,2,1,1,0,2,1,2,1,0,1,3],"bins":[-0.3216351270675659,-0.31180983781814575,-0.3019845187664032,-0.29215922951698303,-0.2823339104652405,-0.2725086212158203,-0.26268330216407776,-0.2528580129146576,-0.24303270876407623,-0.23320740461349487,-0.2233821004629135,-0.21355679631233215,-0.203731507062912,-0.19390620291233063,-0.18408089876174927,-0.1742555946111679,-0.16443029046058655,-0.1546049863100052,-0.14477968215942383,-0.13495437800884247,-0.1251290738582611,-0.11530377715826035,-0.10547848045825958,-0.09565317630767822,-0.08582787215709686,-0.0760025680065155,-0.06617726385593414,-0.05635196715593338,-0.04652666300535202,-0.03670135885477066,-0.0268760584294796,-0.01705075614154339,-0.007225453853607178,0.002599848434329033,0.012425150722265244,0.022250453010201454,0.032075755298137665,0.041901059448719025,0.051726359874010086,0.06155166029930115,0.07137696444988251,0.08120226860046387,0.09102757275104523,0.10085286945104599,0.11067817360162735,0.12050347775220871,0.13032877445220947,0.14015407860279083,0.1499793827533722,0.15980468690395355,0.1696299910545349,0.17945529520511627,0.18928059935569763,0.1991058886051178,0.20893119275569916,0.21875649690628052,0.22858180105686188,0.23840710520744324,0.2482324093580246,0.25805771350860596,0.2678830027580261,0.2777083218097687,0.28753361105918884,0.2973589301109314,0.30718421936035156]},"parameters/mlp_extractor.policy_net.0.weight":{"_type":"histogram","values":[8,5,7,8,11,11,5,11,4,11,14,10,11,9,13,9,9,10,7,13,6,10,16,4,10,7,8,5,8,7,8,11,9,4,6,9,10,5,9,13,6,9,10,12,10,6,7,13,12,9,8,9,11,11,8,16,9,9,5,7,10,9,9,10],