{"env/collision":0,"parameters/mlp_extractor.policy_net.2.bias":{"bins":[-0.11763127893209457,-0.1138702929019928,-0.11010931432247162,-0.10634832829236984,-0.10258734226226807,-0.09882636368274689,-0.09506537765264511,-0.09130439907312393,-0.08754341304302216,-0.08378242701292038,-0.0800214484333992,-0.07626046240329742,-0.07249948382377625,-0.06873849779367447,-0.06497751176357269,-0.061216529458761215,-0.05745554715394974,-0.05369456484913826,-0.04993358254432678,-0.046172596514225006,-0.04241161420941353,-0.03865063190460205,-0.034889645874500275,-0.031128663569688797,-0.02736768126487732,-0.02360669896006584,-0.019845714792609215,-0.016084730625152588,-0.01232374832034111,-0.008562765084207058,-0.004801781848073006,-0.0010407986119389534,0.002720177173614502,0.006481160409748554,0.010242143645882607,0.014003126882016659,0.01776411011815071,0.02152509242296219,0.025286076590418816,0.029047060757875443,0.03280804306268692,0.0365690253674984,0.040330007672309875,0.04409099370241165,0.04785197600722313,0.05161295831203461,0.05537394434213638,0.05913492664694786,0.06289590895175934,0.06665689498186111,0.0704178735613823,0.07417885959148407,0.07793983817100525,0.08170082420110703,0.0854618102312088,0.08922278881072998,0.09298377484083176,0.09674476087093353,0.10050573945045471,0.10426672548055649,0.10802771151065826,0.11178869009017944,0.11554967612028122,0.1193106546998024,0.12307164072990417],"_type":"histogram","values":[2,1,0,3,1,1,1,0,1,1,0,1,0,0,1,0,2,0,0,0,2,1,0,2,1,0,0,2,2,2,2,0,1,1,0,2,1,1,2,3,0,0,1,0,0,1,3,1,0,0,1,0,2,2,0,1,2,0,1,1,2,3,0,3]},"parameters/mlp_extractor.value_net.0.bias":{"bins":[-0.38004329800605774,-0.3682512640953064,-0.35645920038223267,-0.3446671664714813,-0.3328751027584076,-0.32108306884765625,-0.3092910051345825,-0.2974989712238312,-0.28570693731307983,-0.2739148736000061,-0.26212283968925476,-0.25033077597618103,-0.2385387420654297,-0.22674669325351715,-0.21495464444160461,-0.20316259562969208,-0.19137054681777954,-0.179578498005867,-0.16778644919395447,-0.15599440038204193,-0.1442023515701294,-0.13241031765937805,-0.12061826884746552,-0.10882622003555298,-0.09703417122364044,-0.0852421224117279,-0.07345007359981537,-0.06165803223848343,-0.04986598342657089,-0.038073934614658356,-0.026281889528036118,-0.01448984257876873,-0.0026977956295013428,0.009094251319766045,0.020886298269033432,0.03267834335565567,0.04447039216756821,0.05626244097948074,0.06805448234081268,0.07984653115272522,0.09163857996463776,0.10343062877655029,0.11522267758846283,0.12701472640037537,0.1388067603111267,0.15059880912303925,0.16239085793495178,0.17418290674686432,0.18597495555877686,0.1977670043706894,0.20955905318260193,0.22135110199451447,0.233143150806427,0.24493518471717834,0.2567272484302521,0.2685192823410034,0.28031134605407715,0.2921033799648285,0.30389541387557983,0.31568747758865356,0.3274795114994049,0.33927157521247864,0.35106360912323,0.3628556728363037,0.37464770674705505],"_type":"histogram","values":[2,0,0,0,1,0,1,1,3,3,1,0,0,2,3,0,2,1,2,1,2,0,2,2,2,1,1,1,1,0,0,0,0,0,0,2,2,0,1,2,4,1,0,2,2,2,0,0,0,0,1,2,0,1,0,2,1,1,1,1,0,0,0,1]},"parameters/mlp_extractor.value_net.2.bias":{"_type":"histogram","values":[1,0,0,1,0,2,1,3,1,0,2,0,0,3,1,0,0,2,1,4,0,2,0,0,1,0,3,0,2,1,0,1,1,1,0,2,0,2,1,1,1,1,2,0,1,1,2,1,1,2,0,0,1,1,1,0,0,0,0,2,2,0,1,4],"bins":[-0.18809360265731812,-0.18261300027370453,-0.17713239789009094,-0.17165178060531616,-0.16617117822170258,-0.160690575838089,-0.1552099734544754,-0.14972935616970062,-0.14424875378608704,-0.13876815140247345,-0.13328754901885986,-0.12780694663524628,-0.1223263368010521,-0.11684572696685791,-0.11136512458324432,-0.10588451474905014,-0.10040391236543655,-0.09492330998182297,-0.08944270014762878,-0.0839620977640152,-0.07848148792982101,-0.07300088554620743,-0.06752027571201324,-0.06203967332839966,-0.05655906721949577,-0.05107846111059189,-0.045597855001688004,-0.04011724889278412,-0.03463664650917053,-0.029156038537621498,-0.023675434291362762,-0.018194828182458878,-0.012714222073554993,-0.007233616430312395,-0.0017530107870697975,0.0037275948561728,0.009208200499415398,0.014688806608319283,0.020169410854578018,0.025650016963481903,0.031130623072385788,0.03661122918128967,0.04209183529019356,0.04757244139909744,0.05305304378271103,0.058533649891614914,0.0640142560005188,0.06949486583471298,0.07497546821832657,0.08045607060194016,0.08593668043613434,0.09141728281974792,0.09689789265394211,0.1023784950375557,0.10785910487174988,0.11333970725536346,0.11882030963897705,0.12430091947317123,0.12978152930736542,0.135262131690979,0.1407427340745926,0.14622333645820618,0.15170395374298096,0.15718455612659454,0.16266515851020813]},"parameters/action_net.bias":{"values":[1,0,0,0,0,0,0,0,0,0,0,0,0,0,0,0,0,0,0,0,0,0,0,0,0,0,0,0,0,0,0,0,1,0,0,0,0,0,0,0,0,0,0,0,0,0,0,0,0,0,0,0,0,0,0,0,0,0,0,0,0,0,0,1],"bins":[-0.10015819221735,-0.09678121656179428,-0.09340424090623856,-0.09002726525068283,-0.08665028214454651,-0.08327330648899078,-0.07989633083343506,-0.07651935517787933,-0.07314237952232361,-0.06976540386676788,-0.06638842821121216,-0.06301145255565643,-0.05963447317481041,-0.056257497519254684,-0.05288051813840866,-0.049503542482852936,-0.04612656682729721,-0.042749591171741486,-0.03937261551618576,-0.03599563613533974,-0.03261866047978401,-0.029241684824228287,-0.025864707306027412,-0.022487729787826538,-0.019110754132270813,-0.015733778476715088,-0.012356800958514214,-0.008979824371635914,-0.005602847784757614,-0.0022258711978793144,0.0011511053889989853,0.004528081975877285,0.007905051112174988,0.011282027699053288,0.014659004285931587,0.01803598180413246,0.021412957459688187,0.024789933115243912,0.028166910633444786,0.03154388815164566,0.034920863807201385,0.03829783946275711,0.041674815118312836,0.04505179449915886,0.048428770154714584,0.05180574581027031,0.05518272519111633,0.05855970084667206,0.06193667650222778,0.06531365215778351,0.06869062781333923,0.07206760346889496,0.07544457912445068,0.078821562230587,0.08219853788614273,0.08557551354169846,0.08895248919725418,0.0923294648528099,0.09570644050836563,0.09908341616392136,0.10246039927005768,0.1058373749256134,0.10921435058116913,0.11259132623672485,0.11596830189228058],"_type":"histogram"},"parameters/log_std":{"values":[1,0,0,0,0,0,0,0,0,0,0,0,0,0,0,0,0,0,0,0,0,0,0,0,1,0,0,0,0,0,0,0,0,0,0,0,0,0,0,0,0,0,0,0,0,0,0,0,0,0,0,0,0,0,0,0,0,0,0,0,0,0,0,1],"bins":[-1.0158233642578125,-1.0153392553329468,-1.014855146408081,-1.0143710374832153,-1.0138869285583496,-1.0134027004241943,-1.0129185914993286,-1.012434482574463,-1.0119503736495972,-1.0114662647247314,-1.0109821557998657,-1.010498046875,-1.0100139379501343,-1.0095298290252686,-1.0090457201004028,-1.0085614919662476,-1.0080773830413818,-1.0075932741165161,-1.0071091651916504,-1.0066250562667847,-1.006140947341919,-1.0056568384170532,-1.0051727294921875,-1.0046886205673218,-1.004204511642456,-1.0037202835083008,-1.003236174583435,-1.0027520656585693,-1.0022679567337036,-1.001783847808838,-1.0012997388839722,-1.0008156299591064,-1.0003315210342407,-0.9998473525047302,-0.9993632435798645,-0.9988791346549988,-0.9983950257301331,-0.9979108572006226,-0.9974267482757568,-0.9969426393508911,-0.9964585304260254,-0.9959744215011597,-0.9954902529716492,-0.9950061440467834,-0.9945220351219177,-0.994037926197052,-0.9935538172721863,-0.9930696487426758,-0.9925855398178101,-0.9921014308929443,-0.9916173219680786,-0.9911332130432129,-0.9906490445137024,-0.9901649355888367,-0.989680826663971,-0.9891967177391052,-0.9887126088142395,-0.988228440284729,-0.9877443313598633,-0.9872602224349976,-0.9867761135101318,-0.9862920045852661,-0.9858078360557556,-0.9853237271308899,-0.9848396182060242],"_type":"histogram"},"parameters/value_net.weight":{"_type":"histogram","values":[3,1,2,4,5,0,1,1,3,2,3,1,2,0,1,0,0,0,0,0,0,0,0,0,0,0,0,0,0,0,0,0,0,0,0,0,0,0,0,0,0,0,0,0,0,0,0,0,0,0,0,3,3,4,1,5,4,2,1,3,3,2,2,2],