{"env/min_obstacle_dist":0.11833763122558594,"_wandb":{"runtime":28},"parameters/log_std":{"values":[3],"bins":[-1,-1],"_type":"histogram"},"parameters/value_net.weight":{"_type":"histogram","values":[1,0,2,1,1,1,1,1,0,1,3,1,1,4,0,1,0,0,0,0,1,0,0,1,1,2,1,1,1,0,1,2,2,1,1,1,1,1,1,0,1,0,0,3,0,1,1,2,0,0,1,3,1,3,2,0,0,3,2,1,0,0,0,2],"bins":[-0.12324565649032593,-0.11937826126813889,-0.11551085859537125,-0.1116434633731842,-0.10777606070041656,-0.10390866547822952,-0.10004127025604248,-0.09617386758327484,-0.0923064723610878,-0.08843906968832016,-0.08457167446613312,-0.08070427924394608,-0.07683687657117844,-0.0729694813489914,-0.06910207867622375,-0.06523468345403671,-0.06136728450655937,-0.05749988555908203,-0.05363248661160469,-0.04976509138941765,-0.04589769244194031,-0.04203029349446297,-0.038162894546985626,-0.034295495599508286,-0.030428098514676094,-0.026560699567198753,-0.022693302482366562,-0.01882590353488922,-0.014958505518734455,-0.011091107502579689,-0.007223709020763636,-0.003356310771778226,0.0005110874772071838,0.00437848549336195,0.008245883509516716,0.012113282456994057,0.015980679541826248,0.01984807848930359,0.02371547743678093,0.02758287452161312,0.03145027160644531,0.03531767055392265,0.039185069501399994,0.043052468448877335,0.046919867396354675,0.050787266343832016,0.05465466156601906,0.0585220605134964,0.06238945946097374,0.06625685840845108,0.07012425363063812,0.07399165630340576,0.0778590515255928,0.08172645419836044,0.08559384942054749,0.08946124464273453,0.09332864731550217,0.09719604253768921,0.10106344521045685,0.10493084043264389,0.10879823565483093,0.11266563832759857,0.11653303354978561,0.12040043622255325,0.1242678314447403]},"_timestamp":1.764475610305838e+09,"parameters/mlp_extractor.policy_net.0.weight":{"_type":"histogram","values":[9,6,12,10,10,8,9,11,6,10,9,13,12,8,9,6,8,5,13,9,9,6,4,9,6,13,13,10,12,12,14,6,7,12,10,10,5,5,14,8,7,8,7,10,5,9,14,8,10,4,4,13,9,13,8,12,2,6,7,9,8,7,13,15],"bins":[-0.33026811480522156,-0.31992343068122864,-0.3095787465572357,-0.2992340624332428,-0.2888893783092499,-0.27854469418525696,-0.26820001006126404,-0.2578553259372711,-0.247510626912117,-0.23716594278812408,-0.22682125866413116,-0.21647657454013824,-0.20613187551498413,-0.1957871913909912,-0.1854425072669983,-0.17509782314300537,-0.16475313901901245,-0.15440845489501953,-0.1440637707710266,-0.1337190866470337,-0.12337439507246017,-0.11302971094846725,-0.10268501937389374,-0.09234033524990082,-0.0819956511259079,-0.07165096700191498,-0.06130627915263176,-0.05096159130334854,-0.04061690717935562,-0.030272221192717552,-0.019927535206079483,-0.009582849219441414,0.0007618069648742676,0.011106492951512337,0.021451178938150406,0.031795866787433624,0.042140550911426544,0.052485235035419464,0.06282992660999298,0.0731746107339859,0.08351929485797882,0.09386397898197174,0.10420866310596466,0.11455335468053818,0.1248980388045311,0.13524273037910461,0.14558741450309753,0.15593209862709045,0.16627678275108337,0.1766214668750763,0.1869661509990692,0.19731083512306213,0.20765551924705505,0.21800021827220917,0.2283449023962021,0.238689586520195,0.24903427064418793,0.25937896966934204,0.26972365379333496,0.2800683379173279,0.2904130220413208,0.3007577061653137,0.31110239028930664,0.32144707441329956,0.3317917585372925]},"parameters/mlp_extractor.value_net.0.bias":{"_type":"histogram","values":[1,0,0,1,2,0,0,1,1,0,1,1,1,1,0,2,1,1,2,1,3,1,2,0,0,1,1,1,1,0,1,0,0,1,1,2,3,1,1,0,0,0,1,0,0,0,0,2,1,1,2,2,1,1,1,3,1,2,2,0,2,2,2,1],"bins":[-0.33013421297073364,-0.3199116289615631,-0.3096890449523926,-0.29946643114089966,-0.2892438471317291,-0.2790212631225586,-0.2687986493110657,-0.25857606530189514,-0.2483534812927246,-0.23813089728355408,-0.22790829837322235,-0.21768569946289062,-0.2074631154537201,-0.19724053144454956,-0.18701793253421783,-0.1767953336238861,-0.16657274961471558,-0.15635016560554504,-0.14612756669521332,-0.1359049677848816,-0.12568238377571106,-0.11545979231595993,-0.1052372008562088,-0.09501460939645767,-0.08479201793670654,-0.07456942647695541,-0.06434683501720428,-0.054124243557453156,-0.043901652097702026,-0.0336790606379509,-0.023456469178199768,-0.013233877718448639,-0.0030112862586975098,0.007211305201053619,0.01743389666080475,0.027656488120555878,0.03787907958030701,0.048101671040058136,0.058324262499809265,0.0685468539595604,0.07876944541931152,0.08899203687906265,0.09921462833881378,0.10943721979856491,0.11965981125831604,0.12988239526748657,0.1401049941778183,0.15032759308815002,0.16055017709732056,0.1707727611064911,0.18099536001682281,0.19121795892715454,0.20144054293632507,0.2116631269454956,0.22188572585582733,0.23210832476615906,0.2423309087753296,0.2525534927845001,0.26277607679367065,0.2729986906051636,0.2832212746143341,0.29344385862350464,0.30366647243499756,0.3138890564441681,0.3241116404533386]},"parameters/mlp_extractor.policy_net.2.weight":{"values":[70,56,77,69,57,66,84,62,70,72,63,64,73,57,66,48,67,63,63,58,52,67,60,71,78,77,74,67,70,63,65,75,59,56,62,45,52,61,67,62,81,54,53,57,68,74,55,67,62,65,59,60,61,60,64,77,55,65,51,66,72,75,54,53],"bins":[-0.12497997283935547,-0.1210765391588211,-0.11717310547828674,-0.11326967179775238,-0.10936623811721802,-0.10546279698610306,-0.1015593633055687,-0.09765592962503433,-0.09375249594449997,-0.0898490622639656,-0.08594562858343124,-0.08204219490289688,-0.07813875377178192,-0.07423532009124756,-0.0703318864107132,-0.06642845273017883,-0.06252501904964447,-0.05862158536911011,-0.054718151688575745,-0.05081471428275108,-0.04691128060221672,-0.04300784692168236,-0.0391044095158577,-0.035200975835323334,-0.03129754215478897,-0.027394108474254608,-0.023490672931075096,-0.019587237387895584,-0.01568380370736122,-0.011780369095504284,-0.007876934483647346,-0.003973499871790409,-7.006525993347168e-05,0.0038333693519234657,0.007736803963780403,0.01164023857563734,0.015543673187494278,0.01944710686802864,0.023350542411208153,0.027253977954387665,0.031157411634922028,0.03506084531545639,0.03896427899599075,0.042867716401815414,0.04677115008234978,0.05067458376288414,0.0545780211687088,0.058481454849243164,0.06238488852977753,0.06628832221031189,0.07019175589084625,0.07409518957138062,0.07799862325191498,0.08190206438302994,0.0858054980635643,0.08970893174409866,0.09361236542463303,0.09751579910516739,0.10141923278570175,0.10532266646623611,0.10922610759735107,0.11312954127788544,0.1170329749584198,0.12093640863895416,0.12483984231948853],"_type":"histogram"},"parameters/mlp_extractor.value_net.0.weight":{"_type":"histogram","values":[12,13,8,14,11,8,12,13,10,11,7,6,5,19,6,6,10,7,7,11,10,8,11,7,13,1,11,9,7,9,7,11,6,5,13,11,4,10,11,12,8,8,10,10,9,6,13,7,8,7,11,7,7,9,7,8,11,13,8,7,8,6,7,9],