{"_step":1142,"env/collision":0,"env/reward_step":-17.841447830200195,"_wandb":{"runtime":9},"_runtime":9,"env/min_obstacle_dist":0.09002147614955902,"_timestamp":1.7644745175140545e+09}