{"_wandb":{"runtime":158},"parameters/action_net.weight":{"values":[1,0,0,0,0,0,0,0,0,0,0,0,0,0,0,0,0,0,0,0,0,0,0,0,0,3,0,0,1,2,1,2,3,2,4,4,3,8,12,10,18,20,10,9,12,11,12,7,10,4,3,6,2,2,2,1,1,1,2,0,0,2,0,1],"bins":[-0.4220985472202301,-0.4121277332305908,-0.40215691924095154,-0.39218610525131226,-0.382215291261673,-0.3722444772720337,-0.3622736632823944,-0.3523028492927551,-0.34233200550079346,-0.3323611915111542,-0.3223903775215149,-0.3124195635318756,-0.30244874954223633,-0.29247793555259705,-0.28250712156295776,-0.2725363075733185,-0.2625654935836792,-0.2525946795940399,-0.24262386560440063,-0.23265305161476135,-0.22268223762512207,-0.2127114087343216,-0.2027405947446823,-0.19276978075504303,-0.18279896676540375,-0.17282815277576447,-0.16285733878612518,-0.1528865247964859,-0.14291569590568542,-0.13294488191604614,-0.12297406792640686,-0.11300325393676758,-0.1030324399471283,-0.09306162595748901,-0.08309081196784973,-0.07311999052762985,-0.06314917653799057,-0.05317836254835129,-0.04320754483342171,-0.033236727118492126,-0.023265913128852844,-0.013295097276568413,-0.0033242814242839813,0.00664653442800045,0.01661735028028488,0.026588166132569313,0.036558981984853745,0.046529799699783325,0.05650061368942261,0.06647142767906189,0.07644224166870117,0.08641306310892105,0.09638387709856033,0.10635469108819962,0.1163255125284195,0.12629632651805878,0.13626714050769806,0.14623795449733734,0.15620876848697662,0.1661795824766159,0.17615041136741638,0.18612122535705566,0.19609203934669495,0.20606285333633423,0.2160336673259735],"_type":"histogram"},"parameters/action_net.bias":{"_type":"histogram","values":[1,0,0,0,0,0,0,0,0,0,1,0,0,0,0,0,0,0,0,0,0,0,0,0,0,0,0,0,0,0,0,0,0,0,0,0,0,0,0,0,0,0,0,0,0,0,0,0,0,0,0,0,0,0,0,0,0,0,0,0,0,0,0,1],"bins":[0.003324890276417136,0.0034803138114511967,0.0036357371136546135,0.003791160648688674,0.0039465841837227345,0.004102007485926151,0.004257430788129568,0.004412854090332985,0.004568277858197689,0.004723701160401106,0.004879124462604523,0.005034548230469227,0.005189971532672644,0.0053453948348760605,0.005500818137079477,0.0056562419049441814,0.005811665207147598,0.005967088509351015,0.006122512277215719,0.006277935579419136,0.006433358881622553,0.00658878218382597,0.006744205951690674,0.006899629253894091,0.0070550525560975075,0.007210476323962212,0.007365899626165628,0.007521322928369045,0.007676746230572462,0.007832169532775879,0.007987593300640583,0.008143017068505287,0.008298439905047417,0.00845386367291212,0.008609287440776825,0.008764710277318954,0.008920134045183659,0.009075557813048363,0.009230980649590492,0.009386404417455196,0.0095418281853199,0.00969725102186203,0.009852674789726734,0.010008098557591438,0.010163521394133568,0.010318945161998272,0.010474367998540401,0.010629791766405106,0.01078521553426981,0.01094063837081194,0.011096062138676643,0.011251485906541348,0.011406908743083477,0.011562332510948181,0.011717756278812885,0.011873179115355015,0.012028602883219719,0.012184026651084423,0.012339449487626553,0.012494873255491257,0.012650296092033386,0.01280571985989809,0.012961143627762794,0.013116566464304924,0.013271990232169628]},"parameters/mlp_extractor.policy_net.0.weight":{"values":[1,0,1,0,0,0,0,0,0,0,2,2,3,3,9,5,5,10,8,10,12,14,25,13,12,21,15,17,26,24,29,24,27,24,24,19,21,18,11,14,19,13,9,15,15,12,7,11,5,3,3,7,2,3,1,0,0,0,0,0,0,0,1,1],"bins":[-0.6479758620262146,-0.6277938485145569,-0.607611894607544,-0.5874298810958862,-0.5672478675842285,-0.5470658540725708,-0.5268838405609131,-0.5067018866539001,-0.48651987314224243,-0.4663378596305847,-0.4461558759212494,-0.42597389221191406,-0.40579187870025635,-0.38560986518859863,-0.3654278814792633,-0.345245897769928,-0.32506388425827026,-0.30488187074661255,-0.2846998870372772,-0.2645179033279419,-0.24433588981628418,-0.22415389120578766,-0.20397189259529114,-0.18378989398479462,-0.1636078953742981,-0.14342589676380157,-0.12324389815330505,-0.10306189954280853,-0.08287990093231201,-0.06269790232181549,-0.04251590371131897,-0.02233390510082245,-0.002151966094970703,0.018030032515525818,0.03821203112602234,0.05839402973651886,0.07857602834701538,0.0987580269575119,0.11894002556800842,0.13912202417850494,0.15930402278900146,0.17948602139949799,0.1996680200099945,0.21985001862049103,0.24003201723098755,0.26021403074264526,0.2803960144519806,0.3005779981613159,0.32076001167297363,0.34094202518463135,0.3611240088939667,0.381305992603302,0.4014880061149597,0.42167001962661743,0.44185200333595276,0.4620339870452881,0.4822160005569458,0.5023980140686035,0.5225800275802612,0.5427619814872742,0.5629439949989319,0.5831260085105896,0.6033079624176025,0.6234899759292603,0.643671989440918],"_type":"histogram"},"parameters/mlp_extractor.policy_net.2.weight":{"_type":"histogram","values":[1,0,0,0,0,0,0,0,1,0,0,1,0,2,6,5,5,14,15,19,23,28,46,59,71,105,124,113,127,138,174,167,220,206,204,226,195,226,195,179,182,169,155,133,110,97,74,77,51,31,30,29,26,10,9,6,3,4,0,1,2,0,1,1],"bins":[-0.864197850227356,-0.8400578498840332,-0.8159179091453552,-0.7917779088020325,-0.7676379680633545,-0.7434979677200317,-0.7193580269813538,-0.695218026638031,-0.671078085899353,-0.6469380855560303,-0.6227980852127075,-0.5986581444740295,-0.5745181441307068,-0.5503782033920288,-0.526238203048706,-0.5020982623100281,-0.4779582619667053,-0.45381829142570496,-0.4296783208847046,-0.4055383503437042,-0.38139837980270386,-0.3572583794593811,-0.33311840891838074,-0.30897843837738037,-0.28483846783638,-0.26069849729537964,-0.23655852675437927,-0.2124185413122177,-0.18827857077121735,-0.16413860023021698,-0.13999861478805542,-0.11585864424705505,-0.09171867370605469,-0.06757870316505432,-0.04343872517347336,-0.019298750907182693,0.004841223359107971,0.028981197625398636,0.0531211718916893,0.07726114988327026,0.10140112042427063,0.125541090965271,0.14968106150627136,0.17382104694843292,0.1979610174894333,0.22210098803043365,0.24624097347259521,0.2703809440135956,0.29452091455459595,0.3186608850955963,0.3428008556365967,0.36694082617759705,0.3910807967185974,0.41522079706192017,0.43936076760292053,0.4635007381439209,0.48764070868492126,0.5117806792259216,0.5359206795692444,0.5600606203079224,0.5842006206512451,0.6083405613899231,0.6324805617332458,0.6566205024719238,0.6807605028152466]},"parameters/mlp_extractor.value_net.2.bias":{"_type":"histogram","values":[1,2,0,0,0,0,0,0,0,1,0,0,3,2,0,2,1,0,1,1,0,3,2,2,1,0,0,0,0,2,2,1,0,1,0,0,1,4,3,1,2,3,1,4,2,0,0,2,0,2,1,1,0,1,0,0,2,1,1,1,0,1,1,1],"bins":[-0.27289512753486633,-0.26523664593696594,-0.25757813453674316,-0.24991965293884277,-0.24226117134094238,-0.2346026748418808,-0.2269441932439804,-0.21928569674491882,-0.21162721514701843,-0.20396871864795685,-0.19631022214889526,-0.18865174055099487,-0.1809932440519333,-0.1733347624540329,-0.1656762659549713,-0.15801778435707092,-0.15035928785800934,-0.14270079135894775,-0.13504230976104736,-0.12738381326198578,-0.11972533166408539,-0.1120668351650238,-0.10440834611654282,-0.09674985706806183,-0.08909136801958084,-0.08143287897109985,-0.07377438992261887,-0.06611590087413788,-0.05845740810036659,-0.050798919051885605,-0.04314042627811432,-0.03548193722963333,-0.02782343327999115,-0.020164944231510162,-0.012506453320384026,-0.004847963340580463,0.0028105266392230988,0.010469016619026661,0.018127506598830223,0.02578599750995636,0.03344448655843735,0.041102975606918335,0.04876146465539932,0.05641995742917061,0.0640784502029419,0.07173693925142288,0.07939542829990387,0.08705391734838486,0.09471240639686584,0.10237089544534683,0.11002938449382782,0.11768787354230881,0.1253463625907898,0.13300485908985138,0.14066334068775177,0.14832183718681335,0.15598031878471375,0.16363881528377533,0.17129731178283691,0.1789557933807373,0.1866142898797989,0.19427277147769928,0.20193126797676086,0.20958974957466125,0.21724824607372284]},"parameters/value_net.bias":{"values":[1],"bins":[-1.9980424642562866,-1.9980424642562866],"_type":"histogram"},