{"parameters/mlp_extractor.value_net.2.bias":{"values":[2,3,1,1,1,0,2,2,0,2,1,0,1,1,0,2,3,3,0,1,1,0,1,2,0,0,0,0,3,0,1,2,1,1,0,0,2,0,2,0,3,1,1,1,0,2,0,0,0,1,1,1,0,0,0,1,3,1,2,1,1,0,0,2],"bins":[-0.10954976081848145,-0.10593760013580322,-0.1023254320025444,-0.09871327131986618,-0.09510110318660736,-0.09148894250392914,-0.08787677437067032,-0.0842646136879921,-0.08065244555473328,-0.07704028487205505,-0.07342811673879623,-0.06981595605611801,-0.06620378792285919,-0.06259162724018097,-0.05897946283221245,-0.05536729842424393,-0.051755134016275406,-0.048142969608306885,-0.044530805200338364,-0.04091864079236984,-0.03730647638440132,-0.0336943119764328,-0.03008214943110943,-0.026469985023140907,-0.022857820615172386,-0.019245656207203865,-0.015633491799235344,-0.012021328322589397,-0.008409163914620876,-0.004796999506652355,-0.0011848355643451214,0.002427328610792756,0.0060394927859306335,0.009651657193899155,0.013263821601867676,0.016875986009836197,0.020488150417804718,0.02410031296312809,0.02771247737109661,0.03132464364171028,0.0349368080496788,0.038548968732357025,0.042161133140325546,0.04577329754829407,0.04938546195626259,0.05299762636423111,0.05660979077219963,0.06022195518016815,0.06383411586284637,0.0674462839961052,0.07105844467878342,0.07467061281204224,0.07828277349472046,0.08189494162797928,0.0855071023106575,0.08911927044391632,0.09273143112659454,0.09634359925985336,0.09995575994253159,0.1035679280757904,0.10718008875846863,0.11079225689172745,0.11440441757440567,0.11801658570766449,0.12162874639034271],"_type":"histogram"},"parameters/action_net.bias":{"_type":"histogram","values":[1,0,0,0,0,0,0,0,0,0,0,0,0,0,0,0,0,0,0,0,0,0,0,0,0,0,0,0,0,1,0,0,0,0,0,0,0,0,0,0,0,0,0,0,0,0,0,0,0,0,0,0,0,0,0,0,0,0,0,0,0,0,0,1],"bins":[-0.11193297803401947,-0.1086043268442154,-0.10527567565441132,-0.10194702446460724,-0.09861837327480316,-0.09528972208499908,-0.09196107089519501,-0.08863241970539093,-0.08530376851558685,-0.08197511732578278,-0.0786464661359787,-0.07531781494617462,-0.07198916375637054,-0.06866051256656647,-0.06533186137676239,-0.06200321391224861,-0.058674562722444534,-0.05534591153264046,-0.05201726034283638,-0.0486886091530323,-0.045359957963228226,-0.04203130677342415,-0.03870265558362007,-0.035374004393815994,-0.032045356929302216,-0.02871670387685299,-0.025388052687048912,-0.022059401497244835,-0.018730752170085907,-0.015402100048959255,-0.012073449790477753,-0.008744798600673676,-0.005416147410869598,-0.002087496453896165,0.0012411545030772686,0.0045698052272200584,0.007898456417024136,0.011227107606828213,0.014555757865309715,0.017884409055113792,0.02121306024491787,0.024541711434721947,0.027870362624526024,0.0311990138143301,0.03452766314148903,0.037856314331293106,0.04118496552109718,0.04451361671090126,0.04784226790070534,0.051170919090509415,0.05449957028031349,0.05782822147011757,0.061156872659921646,0.06448552012443542,0.0678141713142395,0.07114282250404358,0.07447147369384766,0.07780012488365173,0.08112877607345581,0.08445742726325989,0.08778607845306396,0.09111472964286804,0.09444338083267212,0.0977720320224762,0.10110068321228027]},"_runtime":26,"env/reward_step":-10.842764854431152,"parameters/value_net.weight":{"bins":[-0.12014465034008026,-0.11643064767122269,-0.11271664500236511,-0.10900264233350754,-0.10528863966464996,-0.10157463699579239,-0.09786063432693481,-0.09414663165807724,-0.09043262898921967,-0.08671862632036209,-0.08300462365150452,-0.07929062098264694,-0.07557661831378937,-0.0718626156449318,-0.06814861297607422,-0.06443461030721664,-0.06072060763835907,-0.057006604969501495,-0.05329260230064392,-0.049578599631786346,-0.04586459696292877,-0.0421505942940712,-0.03843659162521362,-0.03472258895635605,-0.031008586287498474,-0.0272945836186409,-0.023580580949783325,-0.01986657828092575,-0.016152575612068176,-0.012438572943210602,-0.008724570274353027,-0.005010567605495453,-0.0012965649366378784,0.002417437732219696,0.0061314404010772705,0.009845443069934845,0.01355944573879242,0.017273448407649994,0.02098745107650757,0.024701453745365143,0.028415456414222717,0.03212945908308029,0.035843461751937866,0.03955746442079544,0.043271467089653015,0.04698546975851059,0.050699472427368164,0.05441347509622574,0.05812747776508331,0.06184148043394089,0.06555548310279846,0.06926948577165604,0.07298348844051361,0.07669749110937119,0.08041149377822876,0.08412549644708633,0.08783949911594391,0.09155350178480148,0.09526750445365906,0.09898150712251663,0.1026955097913742,0.10640951246023178,0.11012351512908936,0.11383751779794693,0.1175515204668045],"_type":"histogram","values":[2,0,1,2,3,3,0,1,0,1,0,0,0,0,1,3,5,0,2,1,1,0,1,1,1,0,3,0,2,1,1,1,0,1,0,1,1,1,1,2,1,1,0,3,0,0,0,0,1,2,2,0,2,1,0,1,1,2,1,0,0,0,1,1]},"parameters/mlp_extractor.policy_net.0.weight":{"values":[13,6,8,10,8,6,13,8,8,5,10,11,14,10,8,14,9,13,6,4,10,10,9,10,8,11,3,12,11,6,10,9,8,13,6,12,6,9,10,10,11,4,11,6,6,9,9,7,5,19,5,10,11,7,15,6,6,6,8,12,9,12,3,12],"bins":[-0.33219942450523376,-0.3218224048614502,-0.31144535541534424,-0.30106833577156067,-0.2906913161277771,-0.28031426668167114,-0.2699372470378876,-0.259560227394104,-0.24918317794799805,-0.23880615830421448,-0.22842912375926971,-0.21805208921432495,-0.20767506957054138,-0.19729803502559662,-0.18692100048065186,-0.1765439808368683,-0.16616694629192352,-0.15578991174697876,-0.1454128921031952,-0.13503585755825043,-0.12465882301330566,-0.1142817959189415,-0.10390476882457733,-0.09352773427963257,-0.0831507071852684,-0.07277368009090424,-0.06239664554595947,-0.052019618451595306,-0.04164258763194084,-0.03126555681228638,-0.02088852785527706,-0.010511497966945171,-0.00013446807861328125,0.010242561809718609,0.0206195916980505,0.030996620655059814,0.04137365147471428,0.051750682294368744,0.06212770938873291,0.07250474393367767,0.08288177102804184,0.093258798122406,0.10363583266735077,0.11401285976171494,0.1243898868560791,0.13476692140102386,0.14514395594596863,0.1555209755897522,0.16589801013469696,0.17627504467964172,0.1866520643234253,0.19702909886837006,0.20740613341331482,0.2177831530570984,0.22816018760204315,0.23853722214698792,0.24891424179077148,0.25929129123687744,0.269668310880661,0.2800453305244446,0.29042237997055054,0.3007993996143341,0.3111764192581177,0.32155346870422363,0.3319304883480072],"_type":"histogram"},"_timestamp":1.764473969378261e+09,"parameters/mlp_extractor.policy_net.0.bias":{"values":[2,2,0,1,0,0,1,2,1,3,1,1,0,0,3,2,0,1,2,0,1,0,0,1,0,4,4,2,1,1,0,1,1,0,0,1,0,0,1,2,0,0,1,0,0,2,1,2,0,1,4,3,1,0,0,0,1,0,0,2,1,1,1,1],"bins":[-0.33060938119888306,-0.3206334412097931,-0.3106575012207031,-0.30068156123161316,-0.2907056212425232,-0.2807296812534332,-0.27075374126434326,-0.2607778012752533,-0.25080186128616333,-0.24082593619823456,-0.2308499962091446,-0.22087405622005463,-0.21089811623096466,-0.2009221762418747,-0.19094623625278473,-0.18097029626369476,-0.1709943562746048,-0.16101841628551483,-0.15104247629642487,-0.1410665363073349,-0.13109059631824493,-0.12111466377973557,-0.1111387237906456,-0.10116278380155563,-0.09118684381246567,-0.0812109038233757,-0.07123496383428574,-0.06125902757048607,-0.0512830875813961,-0.04130714759230614,-0.03133121132850647,-0.021355271339416504,-0.011379331350326538,-0.0014033922925591469,0.008572546765208244,0.01854848489165306,0.028524424880743027,0.03850036486983299,0.04847630113363266,0.058452241122722626,0.06842818111181259,0.07840412110090256,0.08838006108999252,0.09835600107908249,0.10833193361759186,0.11830787360668182,0.1282838135957718,0.13825975358486176,0.14823569357395172,0.1582116335630417,0.16818757355213165,0.17816351354122162,0.18813945353031158,0.19811539351940155,0.20809133350849152,0.21806727349758148,0.22804319858551025,0.23801913857460022,0.24799507856369019,0.25797101855278015,0.2679469585418701,0.2779228985309601,0.28789883852005005,0.29787477850914,0.30785071849823],"_type":"histogram"},