{"parameters/mlp_extractor.value_net.0.weight":{"_type":"histogram","values":[5,14,11,10,18,6,7,11,7,6,12,9,6,10,7,7,14,7,7,12,11,5,7,16,6,12,10,10,8,7,3,10,8,13,10,6,6,7,10,8,8,9,15,6,10,12,10,8,4,15,12,4,6,8,6,12,7,11,10,8,5,14,8,9],"bins":[-0.33200138807296753,-0.321615993976593,-0.3112306296825409,-0.3008452355861664,-0.29045987129211426,-0.28007447719573975,-0.2696891129016876,-0.2593037188053131,-0.248918354511261,-0.23853296041488647,-0.22814758121967316,-0.21776220202445984,-0.20737682282924652,-0.1969914436340332,-0.18660606443881989,-0.17622068524360657,-0.16583530604839325,-0.15544992685317993,-0.1450645476579666,-0.1346791684627533,-0.12429378926753998,-0.11390840262174606,-0.10352302342653275,-0.09313764423131943,-0.08275226503610611,-0.07236688584089279,-0.061981506645679474,-0.05159612372517586,-0.04121074452996254,-0.030825365334749222,-0.020439984276890755,-0.010054604150354862,0.0003307759761810303,0.010716156102716923,0.021101536229252815,0.03148691728711128,0.0418722964823246,0.05225767567753792,0.06264305859804153,0.07302843779325485,0.08341381698846817,0.09379919618368149,0.1041845753788948,0.11456995457410812,0.12495534121990204,0.13534072041511536,0.14572609961032867,0.156111478805542,0.1664968580007553,0.17688223719596863,0.18726761639118195,0.19765299558639526,0.20803837478160858,0.2184237539768219,0.22880913317203522,0.23919451236724854,0.24957990646362305,0.25996527075767517,0.2703506648540497,0.2807360291481018,0.2911214232444763,0.30150678753852844,0.31189218163490295,0.3222775459289551,0.3326629400253296]},"env/min_obstacle_dist":0.10407662391662598,"_step":4214,"_wandb":{"runtime":28},"_runtime":28,"parameters/mlp_extractor.policy_net.2.bias":{"values":[3,0,0,1,1,3,2,1,2,0,1,0,1,0,0,0,1,1,0,1,1,0,0,1,0,0,2,1,1,1,0,1,1,0,2,1,0,2,0,0,4,0,2,3,0,1,0,1,3,1,0,2,0,1,1,0,2,1,1,1,2,3,2,1],"bins":[-0.12191055715084076,-0.11814716458320618,-0.1143837720155716,-0.11062038689851761,-0.10685699433088303,-0.10309360176324844,-0.09933020919561386,-0.09556681662797928,-0.09180343151092529,-0.08804003894329071,-0.08427664637565613,-0.08051325380802155,-0.07674986124038696,-0.07298646867275238,-0.0692230835556984,-0.06545969098806381,-0.06169629842042923,-0.05793290585279465,-0.05416951701045036,-0.05040612444281578,-0.0466427356004715,-0.042879343032836914,-0.03911595046520233,-0.03535256162285805,-0.031589169055223465,-0.02782577835023403,-0.0240623876452446,-0.020298995077610016,-0.016535604372620583,-0.01277221366763115,-0.009008822031319141,-0.005245430860668421,-0.0014820396900177002,0.0022813514806330204,0.006044742651283741,0.009808134287595749,0.013571524992585182,0.017334915697574615,0.021098308265209198,0.02486169897019863,0.028625089675188065,0.03238848224282265,0.03615187108516693,0.039915263652801514,0.043678656220436096,0.04744204506278038,0.05120543763041496,0.05496882647275925,0.05873221904039383,0.06249561160802841,0.066259004175663,0.07002238929271698,0.07378578186035156,0.07754917442798615,0.08131256699562073,0.08507595956325531,0.08883935213088989,0.09260273724794388,0.09636612981557846,0.10012952238321304,0.10389291495084763,0.10765630751848221,0.1114196926355362,0.11518308520317078,0.11894647777080536],"_type":"histogram"},"parameters/mlp_extractor.policy_net.0.weight":{"values":[8,9,10,13,13,6,9,7,6,9,4,15,6,13,8,7,9,5,7,8,9,9,8,14,7,12,8,5,6,8,6,6,6,13,6,11,7,12,7,10,9,7,4,7,12,5,9,9,11,7,11,7,8,15,10,9,11,9,10,12,17,10,12,13],"bins":[-0.3307323455810547,-0.32035860419273376,-0.30998489260673523,-0.2996111512184143,-0.28923743963241577,-0.27886369824409485,-0.2684899866580963,-0.2581162452697754,-0.24774251878261566,-0.23736879229545593,-0.2269950658082962,-0.21662133932113647,-0.20624759793281555,-0.19587387144565582,-0.1855001449584961,-0.17512641847133636,-0.16475269198417664,-0.1543789654970169,-0.14400523900985718,-0.13363151252269745,-0.12325777858495712,-0.1128840520977974,-0.10251031816005707,-0.09213659167289734,-0.08176286518573761,-0.07138913869857788,-0.06101540848612785,-0.050641678273677826,-0.0402679517865181,-0.02989422343671322,-0.01952049508690834,-0.009146766737103462,0.0012269318103790283,0.011600660160183907,0.021974388509988785,0.03234811872243881,0.04272184520959854,0.05309557169675827,0.0634693056344986,0.07384303212165833,0.08421675860881805,0.09459048509597778,0.10496421158313751,0.11533794552087784,0.12571167945861816,0.1360854059457779,0.14645913243293762,0.15683285892009735,0.16720658540725708,0.1775803118944168,0.18795403838157654,0.19832776486873627,0.208701491355896,0.21907523274421692,0.22944895923137665,0.23982268571853638,0.2501963973045349,0.26057013869285583,0.27094388008117676,0.2813175916671753,0.2916913330554962,0.30206504464149475,0.3124387860298157,0.3228124976158142,0.33318623900413513],"_type":"histogram"},"parameters/mlp_extractor.policy_net.2.weight":{"_type":"histogram","values":[69,75,54,65,69,65,58,58,49,54,72,71,71,73,54,72,61,55,61,52,57,60,50,67,64,67,73,70,61,67,65,63,65,65,68,58,70,69,78,61,65,61,73,55,62,79,63,69,66,54,56,55,62,58,66,59,70,54,84,76,56,61,68,68],"bins":[-0.12497089803218842,-0.12106632441282272,-0.11716175079345703,-0.11325716972351074,-0.10935259610414505,-0.10544802248477936,-0.10154344886541367,-0.09763886779546738,-0.09373429417610168,-0.08982972055673599,-0.0859251469373703,-0.08202057331800461,-0.07811599224805832,-0.07421141862869263,-0.07030684500932693,-0.06640227138996124,-0.06249769404530525,-0.05859312042593956,-0.05468854308128357,-0.05078396946191788,-0.04687939211726189,-0.042974818497896194,-0.039070241153240204,-0.03516566753387451,-0.03126109391450882,-0.02735651656985283,-0.023451941087841988,-0.019547365605831146,-0.015642791986465454,-0.011738215573132038,-0.007833641022443771,-0.00392906554043293,-2.4490058422088623e-05,0.003880085190758109,0.007784660439938307,0.011689235456287861,0.015593810938298702,0.01949838548898697,0.02340296097099781,0.02730753645300865,0.031212111935019493,0.035116687417030334,0.03902126103639603,0.04292583838105202,0.04683041200041771,0.0507349893450737,0.05463956296443939,0.05854414030909538,0.062448713928461075,0.06635329127311707,0.07025786489248276,0.07416243851184845,0.07806701213121414,0.08197159320116043,0.08587616682052612,0.08978074043989182,0.09368531405925751,0.0975898876786232,0.10149446874856949,0.10539904236793518,0.10930361598730087,0.11320818960666656,0.11711277067661285,0.12101734429597855,0.12492191791534424]},"env/collision":0,"parameters/mlp_extractor.value_net.0.bias":{"bins":[-0.3244493901729584,-0.31420376896858215,-0.30395814776420593,-0.2937125563621521,-0.2834669351577759,-0.27322131395339966,-0.26297569274902344,-0.2527301013469696,-0.24248448014259338,-0.23223885893821716,-0.22199323773384094,-0.21174763143062592,-0.2015020102262497,-0.19125640392303467,-0.18101078271865845,-0.17076517641544342,-0.1605195552110672,-0.15027393400669098,-0.14002832770347595,-0.12978270649909973,-0.1195371001958847,-0.10929147899150848,-0.09904586523771286,-0.08880025148391724,-0.07855463773012161,-0.06830902397632599,-0.058063410222530365,-0.04781779274344444,-0.03757217898964882,-0.027326565235853195,-0.017080949619412422,-0.006835334934294224,0.0034102797508239746,0.013655894435942173,0.02390150912106037,0.034147124737501144,0.04439273849129677,0.05463835224509239,0.06488396972417831,0.07512958347797394,0.08537519723176956,0.09562081098556519,0.10586642473936081,0.11611203849315643,0.12635765969753265,0.13660326600074768,0.1468488872051239,0.15709449350833893,0.16734011471271515,0.17758573591709137,0.1878313422203064,0.19807696342468262,0.20832256972789764,0.21856819093227386,0.2288137972354889,0.2390594184398651,0.24930503964424133,0.25955066084861755,0.2697962522506714,0.2800418734550476,0.29028749465942383,0.30053311586380005,0.3107787072658539,0.3210243284702301,0.3312699496746063],"_type":"histogram","values":[1,2,4,1,1,1,1,2,0,2,2,0,1,1,1,4,1,1,0,1,1,0,1,2,1,1,1,1,2,1,0,1,1,2,0,0,1,0,1,0,3,0,1,1,2,0,0,0,0,4,1,0,0,0,1,1,2,1,0,0,1,0,0,2]},