{"parameters/log_std":{"values":[3],"bins":[-1,-1],"_type":"histogram"},"env/collision":0,"parameters/value_net.bias":{"values":[1],"bins":[0.10463880002498627,0.10463880002498627],"_type":"histogram"},"_timestamp":1.7644755653597012e+09,"parameters/mlp_extractor.value_net.0.weight":{"bins":[-0.33093446493148804,-0.3205607235431671,-0.3101870119571686,-0.29981327056884766,-0.2894395589828491,-0.2790658175945282,-0.26869210600852966,-0.25831836462020874,-0.247944638133049,-0.23757091164588928,-0.22719718515872955,-0.21682345867156982,-0.2064497172832489,-0.19607599079608917,-0.18570226430892944,-0.17532853782176971,-0.16495481133460999,-0.15458108484745026,-0.14420735836029053,-0.1338336318731308,-0.12345989793539047,-0.11308617144823074,-0.10271243751049042,-0.09233871102333069,-0.08196498453617096,-0.07159125804901123,-0.0612175278365612,-0.050843797624111176,-0.04047007113695145,-0.03009634278714657,-0.01972261443734169,-0.009348886087536812,0.0010248422622680664,0.011398570612072945,0.021772298961877823,0.03214602917432785,0.04251975566148758,0.05289348214864731,0.06326721608638763,0.07364094257354736,0.08401466906070709,0.09438839554786682,0.10476212203502655,0.11513585597276688,0.1255095899105072,0.13588331639766693,0.14625704288482666,0.1566307693719864,0.16700449585914612,0.17737822234630585,0.18775194883346558,0.1981256753206253,0.20849940180778503,0.21887314319610596,0.22924686968326569,0.23962059617042542,0.24999432265758514,0.2603680491447449,0.2707417905330658,0.28111550211906433,0.29148924350738525,0.3018629550933838,0.3122366964817047,0.32261040806770325,0.33298414945602417],"_type":"histogram","values":[9,12,6,9,6,12,5,9,9,10,14,14,6,11,7,15,7,5,10,10,11,8,7,8,8,7,8,12,9,10,10,9,10,10,11,11,5,8,13,6,9,11,9,8,6,5,12,12,5,5,8,10,9,8,5,8,5,8,5,16,12,10,9,14]},"_runtime":22,"parameters/mlp_extractor.policy_net.2.weight":{"_type":"histogram","values":[55,56,58,68,56,58,59,80,57,68,67,67,70,61,70,53,66,80,69,74,52,59,61,66,59,72,65,69,63,62,60,68,70,66,66,73,70,79,58,64,58,54,74,64,62,69,69,58,57,68,57,63,68,73,74,64,47,64,73,65,58,50,53,60],"bins":[-0.12493927776813507,-0.12103518098592758,-0.11713108420372009,-0.1132269874215126,-0.10932289063930511,-0.10541878640651703,-0.10151468962430954,-0.09761059284210205,-0.09370649605989456,-0.08980239927768707,-0.08589830249547958,-0.0819942057132721,-0.07809010148048401,-0.07418600469827652,-0.07028190791606903,-0.06637781113386154,-0.06247371435165405,-0.058569617569446564,-0.054665520787239075,-0.05076142027974129,-0.0468573234975338,-0.04295322671532631,-0.03904912620782852,-0.03514502942562103,-0.031240932643413544,-0.027336835861206055,-0.023432737216353416,-0.019528638571500778,-0.01562454178929329,-0.011720444075763226,-0.007816346362233162,-0.003912248648703098,-8.150935173034668e-06,0.003895946778357029,0.007800044491887093,0.011704142205417156,0.01560823991894722,0.01951233670115471,0.023416435346007347,0.027320533990859985,0.031224630773067474,0.03512872755527496,0.03903282433748245,0.04293692484498024,0.04684102162718773,0.05074511840939522,0.054649218916893005,0.058553315699100494,0.06245741248130798,0.06636150926351547,0.07026560604572296,0.07416970282793045,0.07807379961013794,0.08197790384292603,0.08588200062513351,0.089786097407341,0.09369019418954849,0.09759429097175598,0.10149838775396347,0.10540248453617096,0.10930658876895905,0.11321068555116653,0.11711478233337402,0.12101887911558151,0.124922975897789]},"env/min_obstacle_dist":1.4440815448760986,"_step":3452,"parameters/action_net.bias":{"bins":[-0.017006635665893555,-0.016390075907111168,-0.01577351801097393,-0.015156958252191544,-0.014540399424731731,-0.01392384059727192,-0.013307280838489532,-0.01269072201102972,-0.012074163183569908,-0.011457604356110096,-0.010841045528650284,-0.010224485769867897,-0.009607926942408085,-0.008991368114948273,-0.008374808356165886,-0.007758249528706074,-0.007141690701246262,-0.006525131873786449,-0.00590857258066535,-0.0052920132875442505,-0.004675454460084438,-0.004058895632624626,-0.0034423363395035267,-0.002825777279213071,-0.002209218218922615,-0.0015926591586321592,-0.0009761000983417034,-0.0003595410380512476,0.0002570180222392082,0.000873577082529664,0.0014901361428201199,0.0021066952031105757,0.0027232542634010315,0.0033398133236914873,0.003956372383981943,0.004572931677103043,0.005189490504562855,0.005806049332022667,0.006422608625143766,0.007039167918264866,0.007655726745724678,0.00827228557318449,0.008888844400644302,0.00950540415942669,0.010121962986886501,0.010738521814346313,0.0113550815731287,0.011971640400588512,0.012588199228048325,0.013204758055508137,0.013821316882967949,0.014437876641750336,0.015054435469210148,0.01567099429666996,0.016287554055452347,0.016904111951589584,0.01752067171037197,0.018137231469154358,0.018753789365291595,0.019370349124073982,0.01998690888285637,0.020603466778993607,0.021220026537775993,0.02183658443391323,0.022453144192695618],"_type":"histogram","values":[1,0,0,0,0,0,1,0,0,0,0,0,0,0,0,0,0,0,0,0,0,0,0,0,0,0,0,0,0,0,0,0,0,0,0,0,0,0,0,0,0,0,0,0,0,0,0,0,0,0,0,0,0,0,0,0,0,0,0,0,0,0,0,1]},"parameters/mlp_extractor.policy_net.2.bias":{"_type":"histogram","values":[3,2,0,0,0,1,0,2,0,1,2,2,0,0,2,1,1,0,1,2,0,1,0,1,3,0,1,0,1,1,2,0,1,0,1,2,2,0,0,3,1,2,0,0,0,1,0,2,0,0,1,1,1,1,2,1,2,1,0,0,2,1,4,2],"bins":[-0.11959618330001831,-0.11583852767944336,-0.112080879509449,-0.10832322388887405,-0.1045655682682991,-0.10080791264772415,-0.0970502644777298,-0.09329260885715485,-0.0895349532365799,-0.08577730506658554,-0.08201964944601059,-0.07826199382543564,-0.07450433820486069,-0.07074669003486633,-0.06698903441429138,-0.06323137879371643,-0.05947372689843178,-0.055716075003147125,-0.051958419382572174,-0.04820076748728752,-0.04444311186671257,-0.04068545997142792,-0.036927804350852966,-0.033170152455568314,-0.02941249869763851,-0.02565484493970871,-0.021897191181778908,-0.018139537423849106,-0.014381884597241879,-0.010624230839312077,-0.006866577547043562,-0.0031089240219444036,0.0006487295031547546,0.004406383261084557,0.008164037019014359,0.011921689845621586,0.015679344534873962,0.019436996430158615,0.023194650188088417,0.02695230394601822,0.03070995770394802,0.03446761146187782,0.038225263357162476,0.04198291897773743,0.04574057087302208,0.04949822649359703,0.05325587838888168,0.057013534009456635,0.06077118590474129,0.06452883780002594,0.06828649342060089,0.07204414904117584,0.0758017972111702,0.07955945283174515,0.0833171084523201,0.08707476407289505,0.0908324122428894,0.09459006786346436,0.0983477234840393,0.10210537165403366,0.10586302727460861,0.10962068289518356,0.11337833851575851,0.11713598668575287,0.12089364230632782]},"_wandb":{"runtime":22},