{"parameters/mlp_extractor.policy_net.2.weight":{"values":[18,60,63,61,79,78,65,73,74,57,70,79,53,58,66,57,64,56,72,61,78,56,54,63,70,57,71,60,54,70,75,59,55,68,67,68,73,56,81,68,73,55,65,65,73,69,84,64,49,72,54,65,73,54,56,67,77,73,68,77,70,72,49,5],"bins":[-0.12806332111358643,-0.12403862178325653,-0.12001392245292664,-0.11598923057317734,-0.11196453124284744,-0.10793983191251755,-0.10391513258218765,-0.09989043325185776,-0.09586574137210846,-0.09184104204177856,-0.08781634271144867,-0.08379164338111877,-0.07976694405078888,-0.07574224472045898,-0.07171755284070969,-0.06769285351037979,-0.0636681541800499,-0.05964345484972,-0.055618759244680405,-0.05159405991435051,-0.04756936430931091,-0.04354466497898102,-0.03951996564865112,-0.035495270043611526,-0.03147057071328163,-0.027445873245596886,-0.02342117577791214,-0.019396476447582245,-0.015371778979897499,-0.011347081512212753,-0.007322383113205433,-0.0032976851798594,0.0007270127534866333,0.004751710686832666,0.0087764086201787,0.01280110701918602,0.016825804486870766,0.02085050195455551,0.024875201284885406,0.028899898752570152,0.0329245962202549,0.03694929555058479,0.04097399115562439,0.044998690485954285,0.04902338981628418,0.053048085421323776,0.05707278475165367,0.06109748035669327,0.06512217968702316,0.06914687901735306,0.07317157834768295,0.07719627022743225,0.08122096955776215,0.08524566888809204,0.08927036821842194,0.09329506754875183,0.09731976687908173,0.10134445875883102,0.10536915808916092,0.10939385741949081,0.11341855674982071,0.1174432560801506,0.1214679479598999,0.1254926472902298,0.1295173466205597],"_type":"histogram"},"parameters/value_net.weight":{"_type":"histogram","values":[1,1,2,0,2,1,5,1,2,1,2,1,2,1,0,2,1,2,2,1,2,0,1,0,0,0,0,0,0,0,0,0,0,0,0,0,0,0,0,0,0,0,1,3,1,1,0,0,1,2,1,2,1,1,2,2,3,1,0,2,3,3,0,1],"bins":[-0.1871899962425232,-0.1813182532787323,-0.1754465103149414,-0.1695747673511505,-0.16370300948619843,-0.15783126652240753,-0.15195952355861664,-0.14608778059482574,-0.14021603763103485,-0.13434429466724396,-0.12847253680229187,-0.12260080128908157,-0.11672905087471008,-0.11085730791091919,-0.1049855649471283,-0.0991138145327568,-0.09324207156896591,-0.08737032860517502,-0.08149857819080353,-0.07562683522701263,-0.06975509226322174,-0.06388334184885025,-0.05801159888505936,-0.05213985592126846,-0.04626810923218727,-0.04039636254310608,-0.034524619579315186,-0.028652872890233994,-0.02278112806379795,-0.016909383237361908,-0.01103763747960329,-0.0051658921875059605,0.0007058531045913696,0.0065775983966887,0.01244934368878603,0.018321089446544647,0.02419283427298069,0.030064579099416733,0.035936325788497925,0.04180806875228882,0.04767981544137001,0.0535515621304512,0.059423305094242096,0.06529504805803299,0.07116679847240448,0.07703854143619537,0.08291028439998627,0.08878203481435776,0.09465377777814865,0.10052552074193954,0.10639727115631104,0.11226901412010193,0.11814075708389282,0.12401250749826431,0.1298842430114746,0.1357560008764267,0.1416277438402176,0.14749948680400848,0.15337122976779938,0.15924297273159027,0.16511471569538116,0.17098647356033325,0.17685821652412415,0.18272995948791504,0.18860170245170593]},"_wandb":{"runtime":151},"parameters/mlp_extractor.value_net.0.bias":{"bins":[-0.3369353115558624,-0.325989305973053,-0.31504330039024353,-0.30409732460975647,-0.293151319026947,-0.2822053134441376,-0.2712593078613281,-0.2603133022785187,-0.24936731159687042,-0.23842130601406097,-0.22747531533241272,-0.21652930974960327,-0.20558330416679382,-0.19463731348514557,-0.18369130790233612,-0.17274531722068787,-0.16179931163787842,-0.15085330605506897,-0.13990731537342072,-0.12896130979061127,-0.11801531165838242,-0.10706931352615356,-0.09612330794334412,-0.08517730981111526,-0.07423131167888641,-0.06328531354665756,-0.05233931168913841,-0.04139330983161926,-0.03044731169939041,-0.01950131170451641,-0.00855531170964241,0.0023906882852315903,0.01333668828010559,0.02428268827497959,0.03522868826985359,0.04617469012737274,0.05712068825960159,0.06806668639183044,0.07901269197463989,0.08995869010686874,0.1009046882390976,0.11185068637132645,0.1227966845035553,0.13374269008636475,0.1446886956691742,0.15563468635082245,0.1665806919336319,0.17752668261528015,0.1884726881980896,0.19941869378089905,0.2103646844625473,0.22131069004535675,0.232256680727005,0.24320268630981445,0.2541486918926239,0.26509469747543335,0.2760406732559204,0.28698667883872986,0.2979326844215393,0.30887869000434875,0.3198246955871582,0.33077070116996765,0.3417166769504547,0.35266268253326416,0.3636086881160736],"_type":"histogram","values":[2,0,0,1,3,0,1,2,0,0,0,2,1,0,1,2,0,1,1,3,1,1,0,1,0,0,1,0,3,2,3,0,0,0,2,1,1,0,1,2,1,1,3,0,2,1,2,0,0,2,0,3,0,3,0,1,1,2,0,1,1,0,0,1]},"parameters/value_net.bias":{"values":[1],"bins":[-0.06939088553190231,-0.06939088553190231],"_type":"histogram"},"_step":7488,"parameters/mlp_extractor.policy_net.0.bias":{"values":[3,1,1,1,1,0,0,0,0,3,2,0,1,1,0,1,1,2,0,1,1,3,1,1,0,2,1,0,1,3,0,2,0,1,0,1,1,1,1,1,0,1,1,0,1,2,2,3,0,2,1,1,0,0,0,1,1,0,1,0,2,2,1,2],"bins":[-0.33017659187316895,-0.32005399465560913,-0.3099313974380493,-0.2998088002204895,-0.2896861732006073,-0.2795635759830475,-0.26944097876548767,-0.25931838154792786,-0.24919578433036804,-0.23907317221164703,-0.22895057499408722,-0.2188279777765274,-0.2087053656578064,-0.19858276844024658,-0.18846017122268677,-0.17833755910396576,-0.16821496188640594,-0.15809236466884613,-0.14796975255012512,-0.1378471553325653,-0.1277245581150055,-0.11760195344686508,-0.10747934877872467,-0.09735675156116486,-0.08723414689302444,-0.07711154222488403,-0.06698894500732422,-0.05686634033918381,-0.046743739396333694,-0.03662113845348358,-0.02649853564798832,-0.016375932842493057,-0.006253331899642944,0.003869269974529743,0.01399187184870243,0.024114474654197693,0.034237075597047806,0.04435967653989792,0.05448228120803833,0.06460487842559814,0.07472748309373856,0.08485008776187897,0.09497268497943878,0.1050952896475792,0.1152178943157196,0.12534049153327942,0.13546308875083923,0.14558570086956024,0.15570829808712006,0.16583089530467987,0.17595350742340088,0.1860761046409607,0.1961987018585205,0.20632131397724152,0.21644391119480133,0.22656650841236115,0.23668912053108215,0.24681171774864197,0.2569343149662018,0.2670569121837616,0.2771795094013214,0.2873021364212036,0.2974247336387634,0.30754733085632324,0.31766992807388306],"_type":"histogram"},"env/min_obstacle_dist":0.7593402862548828,"parameters/action_net.bias":{"bins":[0.024409649893641472,0.025329146534204483,0.026248643174767494,0.027168139815330505,0.028087636455893517,0.029007133096456528,0.02992662973701954,0.03084612637758255,0.03176562488079071,0.03268511965870857,0.03360461816191673,0.034524112939834595,0.035443611443042755,0.03636310622096062,0.03728260472416878,0.03820209950208664,0.0391215980052948,0.04004109650850296,0.04096059128642082,0.04188008978962898,0.042799584567546844,0.043719083070755005,0.04463857784867287,0.04555807635188103,0.04647757112979889,0.04739706963300705,0.04831656441092491,0.04923606291413307,0.050155557692050934,0.051075056195259094,0.051994550973176956,0.05291404947638512,0.05383354797959328,0.05475304648280144,0.0556725412607193,0.05659203976392746,0.05751153454184532,0.05843103304505348,0.059350527822971344,0.060270026326179504,0.061189521104097366,0.06210901960730553,0.06302851438522339,0.06394801288843155,0.06486751139163971,0.06578700244426727,0.06670650094747543,0.0676259994506836,0.06854549795389175,0.06946499645709991,0.07038448750972748,0.07130398601293564,0.0722234845161438,0.07314298301935196,0.07406247407197952,0.07498197257518768,0.07590147107839584,0.076820969581604,0.07774046063423157,0.07865995913743973,0.07957945764064789,0.08049895614385605,0.08141844719648361,0.08233794569969177,0.08325744420289993],"_type":"histogram","values":[1,0,0,0,0,0,0,0,0,0,0,0,0,0,0,0,0,0,0,0,0,0,0,0,0,0,0,0,0,0,0,0,0,0,0,0,0,0,0,0,0,0,0,0,0,0,0,0,0,0,0,1,0,0,0,0,0,0,0,0,0,0,0,1]},