{"_step":2207,"env/collision":0,"env/reward_step":-5.558350086212158,"_wandb":{"runtime":16},"_runtime":16,"env/min_obstacle_dist":0.024997562170028687,"_timestamp":1.764475678721082e+09}