{"env/collision":0,"env/reward_step":-15.289338111877441,"_wandb":{"runtime":15},"_runtime":15,"_step":1859,"env/min_obstacle_dist":0.10017824172973633,"_timestamp":1.7644744726715882e+09}