{"parameters/value_net.bias":{"_type":"histogram","values":[1],"bins":[-0.03138360381126404,-0.03138360381126404]},"parameters/mlp_extractor.value_net.0.bias":{"values":[2,0,2,0,2,0,0,2,4,3,1,1,0,2,2,1,2,0,2,1,1,1,1,1,2,1,1,1,2,0,0,0,1,0,1,2,0,0,2,0,1,2,2,1,1,1,0,0,0,1,1,0,1,1,0,0,2,0,3,1,1,0,0,1],"bins":[-0.2989295721054077,-0.28912386298179626,-0.2793181538581848,-0.26951244473457336,-0.2597067356109619,-0.24990104138851166,-0.2400953322649002,-0.23028962314128876,-0.2204839140176773,-0.21067820489406586,-0.2008724957704544,-0.19106678664684296,-0.1812610924243927,-0.17145538330078125,-0.1616496741771698,-0.15184396505355835,-0.1420382559299469,-0.13223254680633545,-0.122426837682724,-0.11262113600969315,-0.1028154268860817,-0.09300971776247025,-0.08320401608943939,-0.07339830696582794,-0.06359259784221649,-0.05378688871860504,-0.04398118332028389,-0.03417547792196274,-0.024369768798351288,-0.014564061537384987,-0.004758354276418686,0.005047352984547615,0.014853030443191528,0.02465873770415783,0.03446444496512413,0.04427015036344528,0.05407585948705673,0.06388156861066818,0.07368727028369904,0.08349297940731049,0.09329868853092194,0.10310439765453339,0.11291010677814484,0.12271580845117569,0.13252151012420654,0.142327219247818,0.15213292837142944,0.1619386374950409,0.17174434661865234,0.1815500557422638,0.19135576486587524,0.2011614739894867,0.21096718311309814,0.2207728773355484,0.23057858645915985,0.2403842955827713,0.25019001960754395,0.259995698928833,0.26980140805244446,0.2796071171760559,0.28941282629966736,0.2992185354232788,0.30902424454689026,0.3188299536705017,0.32863566279411316],"_type":"histogram"},"env/collision":0,"env/reward_step":-7.254591941833496,"parameters/action_net.bias":{"_type":"histogram","values":[1,0,0,0,0,0,0,0,0,0,0,0,0,0,0,0,0,0,0,0,0,0,1,0,0,0,0,0,0,0,0,0,0,0,0,0,0,0,0,0,0,0,0,0,0,0,0,0,0,0,0,0,0,0,0,0,0,0,0,0,0,0,0,1],"bins":[-0.12458628416061401,-0.1219865009188652,-0.1193867176771164,-0.11678694188594818,-0.11418715864419937,-0.11158737540245056,-0.10898759216070175,-0.10638780891895294,-0.10378803312778473,-0.10118824988603592,-0.09858846664428711,-0.0959886834025383,-0.09338890016078949,-0.09078911691904068,-0.08818934112787247,-0.08558955788612366,-0.08298977464437485,-0.08038999140262604,-0.07779020816087723,-0.07519043236970901,-0.0725906491279602,-0.0699908658862114,-0.06739108264446259,-0.06479129940271378,-0.062191519886255264,-0.059591736644506454,-0.05699195712804794,-0.05439217388629913,-0.051792390644550323,-0.04919261112809181,-0.046592827886343,-0.04399304836988449,-0.04139326512813568,-0.03879348188638687,-0.03619370236992836,-0.03359391912817955,-0.03099413774907589,-0.02839435636997223,-0.02579457312822342,-0.02319479174911976,-0.020595010370016098,-0.017995228990912437,-0.015395446680486202,-0.012795664370059967,-0.010195882990956306,-0.0075961011461913586,-0.004996319301426411,-0.002396537456661463,0.0002032443881034851,0.002803026232868433,0.005402808077633381,0.008002590388059616,0.010602371767163277,0.013202153146266937,0.015801936388015747,0.018401717767119408,0.021001499146223068,0.02360128052532673,0.02620106190443039,0.0288008451461792,0.03140062838792801,0.03400040790438652,0.03660019114613533,0.03919997066259384,0.04179975390434265]},"parameters/mlp_extractor.value_net.0.weight":{"values":[8,9,11,7,7,15,4,8,10,4,14,4,7,17,10,8,10,5,8,11,12,9,12,13,9,6,15,8,14,10,7,11,4,11,8,7,4,3,8,6,14,9,10,7,13,7,10,8,6,12,9,5,8,9,7,8,10,9,8,12,11,9,10,11],"bins":[-0.3320484161376953,-0.321658194065094,-0.3112679719924927,-0.30087774991989136,-0.2904875576496124,-0.2800973355770111,-0.2697071135044098,-0.25931689143180847,-0.24892666935920715,-0.23853646218776703,-0.2281462401151657,-0.2177560180425644,-0.20736581087112427,-0.19697558879852295,-0.18658536672592163,-0.1761951595544815,-0.1658049374818802,-0.15541471540927887,-0.14502450823783875,-0.13463428616523743,-0.12424406409263611,-0.11385384947061539,-0.10346363484859467,-0.09307341277599335,-0.08268319815397263,-0.0722929835319519,-0.061902761459350586,-0.051512546837329865,-0.041122328490018845,-0.030732110142707825,-0.020341893658041954,-0.009951676242053509,0.0004385411739349365,0.010828758589923382,0.021218976005911827,0.0316091924905777,0.04199941083788872,0.05238962918519974,0.06277984380722046,0.07317006587982178,0.0835602805018425,0.09395049512386322,0.10434071719646454,0.11473093181848526,0.12512114644050598,0.1355113685131073,0.14590159058570862,0.15629179775714874,0.16668201982975006,0.17707224190235138,0.1874624490737915,0.19785267114639282,0.20824289321899414,0.21863310039043427,0.22902332246303558,0.2394135445356369,0.24980375170707703,0.26019397377967834,0.27058419585227966,0.280974417924881,0.2913646399974823,0.30175483226776123,0.31214505434036255,0.32253527641296387,0.3329254984855652],"_type":"histogram"},"parameters/action_net.weight":{"_type":"histogram","values":[2,3,6,0,2,2,3,3,3,4,0,3,3,3,2,2,4,4,7,5,3,4,1,5,2,2,2,2,2,1,2,3,3,3,1,1,3,3,4,3,3,6,3,3,5,2,1,1,5,3,4,5,4,6,2,2,2,6,1,3,2,6,4,2],"bins":[-0.12269118428230286,-0.11884943395853043,-0.1150076761841774,-0.11116592586040497,-0.10732416808605194,-0.10348241776227951,-0.09964065998792648,-0.09579890966415405,-0.09195715188980103,-0.0881154015660286,-0.08427365124225616,-0.08043189346790314,-0.0765901431441307,-0.07274838536977768,-0.06890663504600525,-0.06506487727165222,-0.06122312694787979,-0.05738137289881706,-0.053539618849754333,-0.049697864800691605,-0.045856110751628876,-0.042014360427856445,-0.038172606378793716,-0.03433085232973099,-0.03048909828066826,-0.02664734423160553,-0.0228055901825428,-0.01896383799612522,-0.015122083947062492,-0.011280329897999763,-0.007438576780259609,-0.0035968231968581676,0.0002449303865432739,0.0040866839699447155,0.007928437553346157,0.011770190671086311,0.01561194472014904,0.01945369876921177,0.02329545095562935,0.027137205004692078,0.030978959053754807,0.034820713102817535,0.038662467151880264,0.04250422120094299,0.046345971524715424,0.05018772557377815,0.05402947962284088,0.05787123367190361,0.06171298772096634,0.06555473804473877,0.0693964958190918,0.07323824614286423,0.07708000391721725,0.08092175424098969,0.08476351201534271,0.08860526233911514,0.09244701266288757,0.0962887704372406,0.10013052076101303,0.10397227853536606,0.10781402885913849,0.11165578663349152,0.11549753695726395,0.11933929473161697,0.1231810450553894]},"parameters/mlp_extractor.value_net.2.bias":{"_type":"histogram","values":[1,0,0,0,0,4,2,2,0,0,2,3,0,2,0,1,2,1,1,1,0,0,1,0,0,2,2,1,1,1,0,0,3,0,1,0,2,0,1,1,1,1,1,1,0,1,0,1,0,2,1,0,1,3,1,2,1,2,2,0,0,2,2,1],"bins":[-0.12398456037044525,-0.12024034559726715,-0.11649613082408905,-0.11275191605091095,-0.10900770127773285,-0.10526348650455475,-0.10151927173137665,-0.09777505695819855,-0.09403084218502045,-0.09028661996126175,-0.08654240518808365,-0.08279819041490555,-0.07905397564172745,-0.07530976086854935,-0.07156554609537125,-0.06782133132219315,-0.06407711654901505,-0.060332901775836945,-0.056588687002658844,-0.05284447222948074,-0.04910025745630264,-0.045356038957834244,-0.04161182418465614,-0.03786760941147804,-0.03412339463829994,-0.03037917986512184,-0.02663496509194374,-0.02289074845612049,-0.01914653368294239,-0.01540231890976429,-0.011658103205263615,-0.00791388750076294,-0.004169672727584839,-0.000425457488745451,0.003318757750093937,0.007062972988933325,0.010807188227772713,0.014551403000950813,0.018295619636774063,0.022039834409952164,0.025784049183130264,0.029528263956308365,0.033272478729486465,0.037016693502664566,0.040760912001132965,0.044505126774311066,0.048249341547489166,0.05199355632066727,0.05573777109384537,0.05948198586702347,0.06322620064020157,0.06697041541337967,0.07071463018655777,0.07445884495973587,0.07820305973291397,0.08194727450609207,0.08569149672985077,0.08943571150302887,0.09317992627620697,0.09692414104938507,0.10066835582256317,0.10441257059574127,0.10815678536891937,0.11190100014209747,0.11564521491527557]},"parameters/value_net.weight":{"_type":"histogram",