{"parameters/log_std":{"values":[1,0,0,0,0,0,0,0,0,0,0,0,0,0,0,0,1,0,0,0,0,0,0,0,0,0,0,0,0,0,0,0,0,0,0,0,0,0,0,0,0,0,0,0,0,0,0,0,0,0,0,0,0,0,0,0,0,0,0,0,0,0,0,1],"bins":[-1.0217056274414062,-1.0213265419006348,-1.0209474563598633,-1.0205683708190918,-1.0201892852783203,-1.0198101997375488,-1.0194311141967773,-1.0190520286560059,-1.0186729431152344,-1.018293857574463,-1.0179147720336914,-1.01753568649292,-1.0171566009521484,-1.016777515411377,-1.0163984298706055,-1.016019344329834,-1.0156402587890625,-1.015261173248291,-1.0148820877075195,-1.014503002166748,-1.0141239166259766,-1.013744831085205,-1.0133657455444336,-1.012986660003662,-1.0126075744628906,-1.0122284889221191,-1.0118494033813477,-1.0114703178405762,-1.0110912322998047,-1.0107121467590332,-1.0103330612182617,-1.0099539756774902,-1.0095748901367188,-1.0091959238052368,-1.0088168382644653,-1.0084377527236938,-1.0080586671829224,-1.0076795816421509,-1.0073004961013794,-1.006921410560608,-1.0065423250198364,-1.006163239479065,-1.0057841539382935,-1.005405068397522,-1.0050259828567505,-1.004646897315979,-1.0042678117752075,-1.003888726234436,-1.0035096406936646,-1.003130555152893,-1.0027514696121216,-1.00237238407135,-1.0019932985305786,-1.0016142129898071,-1.0012351274490356,-1.0008560419082642,-1.0004769563674927,-1.0000978708267212,-0.9997187852859497,-0.9993396997451782,-0.9989606142044067,-0.9985815286636353,-0.9982024431228638,-0.9978233575820923,-0.9974442720413208],"_type":"histogram"},"_timestamp":1.7644727140527542e+09,"parameters/mlp_extractor.policy_net.0.bias":{"_type":"histogram","values":[2,1,1,2,1,1,0,0,2,1,2,1,0,0,0,0,1,1,3,0,1,1,0,0,1,1,2,2,2,0,2,2,2,0,1,1,2,0,0,0,0,0,1,1,0,1,3,1,3,1,3,1,0,1,0,1,1,0,1,1,0,1,2,2],"bins":[-0.32638534903526306,-0.31612297892570496,-0.30586060881614685,-0.29559823870658875,-0.28533583879470825,-0.27507346868515015,-0.26481109857559204,-0.25454872846603394,-0.24428635835647583,-0.23402397334575653,-0.22376160323619843,-0.21349923312664032,-0.20323684811592102,-0.19297447800636292,-0.1827121078968048,-0.1724497228860855,-0.1621873527765274,-0.1519249826669693,-0.14166259765625,-0.1314002275466919,-0.12113785743713379,-0.11087547987699509,-0.10061310231685638,-0.09035073220729828,-0.08008835464715958,-0.06982597708702087,-0.05956360697746277,-0.049301229417324066,-0.03903885558247566,-0.02877648174762726,-0.018514106050133705,-0.008251731283962727,0.002010643482208252,0.01227301824837923,0.02253539301455021,0.03279776871204376,0.043060142546892166,0.05332251638174057,0.06358489394187927,0.07384726405143738,0.08410964161157608,0.09437201917171478,0.10463438928127289,0.11489676684141159,0.1251591444015503,0.1354215145111084,0.1456838846206665,0.1559462696313858,0.1662086397409439,0.17647100985050201,0.1867333948612213,0.19699576497077942,0.20725813508033752,0.21752052009105682,0.22778289020061493,0.23804526031017303,0.24830764532089233,0.25857001543045044,0.26883238554000854,0.27909475564956665,0.28935712575912476,0.29961952567100525,0.30988189578056335,0.32014426589012146,0.33040663599967957]},"parameters/mlp_extractor.value_net.2.weight":{"_type":"histogram","values":[3,5,2,6,5,6,19,32,51,56,62,56,55,56,44,68,66,63,60,52,62,72,85,79,118,114,105,140,121,127,137,120,133,117,117,114,114,119,125,96,104,91,71,73,61,71,57,47,57,45,53,62,60,64,62,65,34,14,8,3,2,8,1,1],"bins":[-0.23240838944911957,-0.22515776753425598,-0.2179071605205536,-0.21065653860569,-0.20340591669082642,-0.19615530967712402,-0.18890468776226044,-0.18165406584739685,-0.17440345883369446,-0.16715283691883087,-0.15990221500396729,-0.1526515930891037,-0.1454009860754013,-0.13815036416053772,-0.13089974224567413,-0.12364912778139114,-0.11639851331710815,-0.10914789885282516,-0.10189727693796158,-0.09464666247367859,-0.087396040558815,-0.08014542609453201,-0.07289481163024902,-0.06564418971538544,-0.05839357525110245,-0.05114295706152916,-0.04389233887195587,-0.03664172440767288,-0.029391106218099594,-0.022140488028526306,-0.014889871701598167,-0.007639254443347454,-0.0003886371850967407,0.006861980073153973,0.014112597331404686,0.021363213658332825,0.028613831847906113,0.0358644500374794,0.04311506450176239,0.05036568269133568,0.057616300880908966,0.06486691534519196,0.07211753726005554,0.07936815172433853,0.08661876618862152,0.09386938810348511,0.1011200025677681,0.10837062448263168,0.11562123894691467,0.12287185341119766,0.13012246787548065,0.13737308979034424,0.14462371170520782,0.15187431871891022,0.1591249406337738,0.1663755625486374,0.17362618446350098,0.18087679147720337,0.18812741339206696,0.19537803530693054,0.20262864232063293,0.20987926423549652,0.2171298861503601,0.2243804931640625,0.2316311150789261]},"parameters/mlp_extractor.policy_net.0.weight":{"_type":"histogram","values":[8,7,9,9,10,9,15,9,14,10,13,8,9,6,7,4,8,4,13,10,9,10,12,9,9,11,5,7,10,9,9,10,7,11,11,9,8,13,6,7,5,7,8,9,14,8,8,7,10,7,9,10,11,13,11,9,7,9,12,8,5,4,10,11],"bins":[-0.33395683765411377,-0.32354333996772766,-0.31312984228134155,-0.30271634459495544,-0.29230284690856934,-0.2818893492221832,-0.2714758515357971,-0.261062353849411,-0.2506488561630249,-0.2402353584766388,-0.22982186079025269,-0.21940836310386658,-0.20899486541748047,-0.19858136773109436,-0.18816787004470825,-0.17775437235832214,-0.16734087467193604,-0.15692737698554993,-0.14651387929916382,-0.1361003816127777,-0.1256868839263916,-0.1152733862400055,-0.10485988855361938,-0.09444639086723328,-0.08403289318084717,-0.07361939549446106,-0.06320589780807495,-0.05279240012168884,-0.042378902435302734,-0.031965404748916626,-0.021551907062530518,-0.01113840937614441,-0.0007249116897583008,0.009688585996627808,0.020102083683013916,0.030515581369400024,0.04092907905578613,0.05134257674217224,0.06175607442855835,0.07216957211494446,0.08258306980133057,0.09299656748771667,0.10341006517410278,0.11382356286048889,0.124237060546875,0.1346505582332611,0.14506405591964722,0.15547755360603333,0.16589105129241943,0.17630454897880554,0.18671804666519165,0.19713154435157776,0.20754504203796387,0.21795853972434998,0.22837203741073608,0.2387855350971222,0.2491990327835083,0.2596125304698944,0.2700260281562805,0.2804395258426666,0.29085302352905273,0.30126652121543884,0.31168001890182495,0.32209351658821106,0.33250701427459717]},"parameters/mlp_extractor.value_net.0.weight":{"bins":[-0.4100772440433502,-0.3973260521888733,-0.384574830532074,-0.37182363867759705,-0.35907241702079773,-0.3463212251663208,-0.33357003331184387,-0.32081881165504456,-0.3080676198005676,-0.2953163981437683,-0.2825652062892914,-0.26981401443481445,-0.25706279277801514,-0.24431158602237701,-0.23156039416790009,-0.21880918741226196,-0.20605798065662384,-0.19330677390098572,-0.1805555671453476,-0.16780437529087067,-0.15505316853523254,-0.14230196177959442,-0.1295507550239563,-0.11679955571889877,-0.10404834896326065,-0.09129714220762253,-0.078545942902565,-0.06579473614692688,-0.053043533116579056,-0.04029233008623123,-0.02754112519323826,-0.01478992123156786,-0.002038717269897461,0.010712486691772938,0.023463690653443336,0.03621489554643631,0.048966098576784134,0.06171730160713196,0.07446850836277008,0.0872197076678276,0.09997091442346573,0.11272212117910385,0.12547332048416138,0.1382245272397995,0.15097573399543762,0.16372694075107574,0.17647813260555267,0.1892293393611908,0.20198054611682892,0.21473175287246704,0.22748295962810516,0.2402341514825821,0.2529853582382202,0.26573657989501953,0.27848777174949646,0.2912389636039734,0.3039901852607727,0.31674137711524963,0.32949259877204895,0.3422437906265259,0.3549949824810028,0.3677462041378021,0.38049739599227905,0.39324861764907837,0.4059998095035553],"_type":"histogram","values":[1,1,2,4,2,6,9,9,12,6,17,10,17,10,9,7,13,13,17,12,7,7,10,9,11,15,12,15,5,12,9,16,9,8,11,11,12,9,15,14,13,12,7,11,8,11,17,7,7,8,12,7,11,7,9,8,6,5,5,3,3,2,1,2]},"env/min_obstacle_dist":0.10823273658752441,"env/reward_step":-16.699892044067383,"parameters/mlp_extractor.value_net.2.bias":{"_type":"histogram",