{"_timestamp":1.764475526018674e+09,"env/collision":0,"env/reward_step":-10.365018844604492,"_wandb":{"runtime":12},"_runtime":12,"_step":1382,"env/min_obstacle_dist":0.024998843669891357}